Protein ID,Isoelectric Point (pI)
sp|P08987|GTFB_STRMU,6.477507972717285
sp|P13470|GTFC_STRMU,9.095409202575684
sp|P37214|ERA_STRMU,7.857293891906738
sp|P49331|GTFD_STRMU,6.147273445129394
sp|Q8CWX6|METE_STRMU,5.482598304748534
sp|Q8DTS9|ENO_STRMU,4.669061851501465
sp|P10249|SUCP_STRMU,4.816672706604003
sp|P10539|DHAS_STRMU,5.202325248718262
sp|P11701|LSC_STRMU,5.1283777236938475
sp|P23504|SPAP_STRMU,5.202836799621582
sp|Q03174|FRUA_STRMU,5.027715873718263
sp|Q05888|UDPK_STRMU,9.301192283630368
sp|Q59938|ACNA_STRMU,5.32214183807373
sp|Q8CWX8|FTSY_STRMU,4.8511171340942365
sp|Q8DSQ6|IXTPA_STRMU,5.040106773376464
sp|Q8DSX2|GLMU_STRMU,6.230087852478028
sp|Q8DT66|RNC_STRMU,5.861714363098144
sp|Q8DT76|ADDA_STRMU,5.068412590026854
sp|Q8DTX6|PFKA_STRMU,5.397680854797363
sp|Q8DU67|GLYA_STRMU,5.598208808898924
sp|Q8DU94|KPRS2_STRMU,5.23898639678955
sp|Q8DUP3|CARB_STRMU,4.768984794616699
sp|Q8DUP4|CARA_STRMU,5.8519380569458
sp|Q8DVG8|RLMN_STRMU,7.627247047424317
sp|Q8DW15|GSHAB_STRMU,5.821131324768066
sp|Q8DW19|PTC_STRMU,5.043517112731934
sp|Q8DW43|ILVC_STRMU,5.011175727844238
sp|Q8DWG1|PYRG_STRMU,5.420928001403809
sp|Q8DWM2|KPRS1_STRMU,5.687104988098144
tr|I6L8Y0|I6L8Y0_STRMU,4.566183280944825
tr|I6L928|I6L928_STRMU,4.905227851867674
sp|O68575|PFLA_STRMU,7.653506660461426
sp|O68579|PPAC_STRMU,4.802065086364746
sp|O70055|DLTC_STRMU,4.0500284194946286
sp|P05428|TRMFO_STRMU,8.713885307312012
sp|P09738|SODM_STRMU,4.989690589904785
sp|P12655|PTS3B_STRMU,5.090409278869628
sp|P26283|LDH_STRMU,5.0065717697143555
sp|P26425|LACD1_STRMU,5.071538734436035
sp|P26426|PTLA_STRMU,4.711975288391113
sp|P27624|RECA_STRMU,5.242680931091308
sp|P27756|AGAL_STRMU,6.152388954162597
sp|P45595|PT1_STRMU,4.5690820693969725
sp|P45596|PTHP_STRMU,4.849809837341308
sp|P50976|PTLCB_STRMU,5.820108222961426
sp|P50978|LACG_STRMU,5.463841438293457
sp|P55045|FPG_STRMU,8.809362983703615
sp|P59125|RS5_STRMU,10.054440879821776
sp|P59156|RSMA_STRMU,5.557512092590332
sp|P59161|GPMA_STRMU,5.122239112854003
sp|P59255|PLSY_STRMU,10.040902519226073
sp|P59311|ARGC_STRMU,5.863817405700683
sp|P72478|PUR8_STRMU,5.477369117736816
sp|P72479|OPPF_STRMU,7.203967094421387
sp|P72481|UVRA_STRMU,6.420384788513183
sp|P72483|EFTU_STRMU,4.836395835876464
sp|P72484|TPIS_STRMU,5.049655723571777
sp|P95778|RMLA_STRMU,4.898634529113769
sp|P95780|RMLB_STRMU,5.55160083770752
sp|P95781|MUTX_STRMU,5.402512168884278
sp|P95783|ATPL_STRMU,8.19020862579346
sp|P95785|ATPF_STRMU,5.024362373352051
sp|P95787|ATPA_STRMU,4.851060295104979
sp|P95789|ATPB_STRMU,4.714703559875488
sp|P95803|DDL_STRMU,4.558282661437989
sp|P96993|GAL1_STRMU,5.552964973449707
sp|P96995|GALE_STRMU,5.436104011535644
sp|Q02420|PTMA_STRMU,4.339850425720216
sp|Q53526|DLTA_STRMU,5.2560949325561515
sp|Q54431|SRP54_STRMU,8.796791648864748
sp|Q54433|COAC_STRMU,7.835439109802247
sp|Q54443|DEXT_STRMU,4.990088462829589
sp|Q59928|ARGD_STRMU,5.504594993591308
sp|Q59931|GAPN_STRMU,5.118260383605956
sp|Q59934|PFL_STRMU,5.243874549865722
sp|Q59940|IDH_STRMU,5.964024543762207
tr|Q7ZAL0|Q7ZAL0_STRMU,5.451393699645995
sp|Q8CVC6|PRSA_STRMU,9.111332893371582
sp|Q8CWW5|CH10_STRMU,4.9316011428832995
sp|Q8CWW6|CH60_STRMU,4.676394081115721
sp|Q8CWX1|SYFA_STRMU,5.868535041809081
sp|Q8CWX2|SYFB_STRMU,4.9306348800659165
sp|Q8CWX7|UVRB_STRMU,4.889653968811035
sp|Q8CWX9|PEPT_STRMU,4.624727439880371
sp|Q8CWY0|SYA_STRMU,5.17242794036865
tr|Q8CWY3|Q8CWY3_STRMU,9.303642082214353
sp|Q8CWY4|NADE_STRMU,5.163447380065916
sp|Q8CWZ0|ASSY_STRMU,5.17140483856201
sp|Q8CWZ1|UPPP_STRMU,9.097601127624515
sp|Q8CWZ6|TIG_STRMU,4.458871269226075
sp|Q8DRR1|SYW_STRMU,5.965957069396972
tr|Q8DRR2|Q8DRR2_STRMU,5.659935951232909
sp|Q8DRS4|MNMA_STRMU,5.205849266052245
tr|Q8DRS9|Q8DRS9_STRMU,4.84014720916748
sp|Q8DRT7|ILVD_STRMU,5.190786933898924
sp|Q8DRV9|SYD_STRMU,5.287015342712402
sp|Q8DS08|DTD_STRMU,6.297101020812988
sp|Q8DS33|KAD_STRMU,5.1971529006958
sp|Q8DS36|RPOA_STRMU,4.759549522399902
sp|Q8DS44|SYY_STRMU,6.616422462463379
sp|Q8DS47|RPOC_STRMU,6.133575248718262
sp|Q8DS57|ACKA_STRMU,5.7853796005249025
sp|Q8DS90|DER_STRMU,5.490953636169433
sp|Q8DSB7|SYS_STRMU,5.087794685363768
tr|Q8DSC4|Q8DSC4_STRMU,5.136676216125487
tr|Q8DSC6|Q8DSC6_STRMU,5.547622108459472
sp|Q8DSC8|RNH3_STRMU,9.21796360015869
sp|Q8DSD1|MUTS2_STRMU,6.173192024230956
sp|Q8DSF0|SECA_STRMU,5.1218980789184565
sp|Q8DSF4|ALR_STRMU,5.839660835266113
sp|Q8DSG3|SYDND_STRMU,5.476630210876464
sp|Q8DSG4|GATC_STRMU,4.278521156311036
sp|Q8DSJ7|ISPT_STRMU,8.90464725494385
sp|Q8DSJ9|SYP_STRMU,4.9816194534301745
sp|Q8DSL1|SYV_STRMU,5.00463924407959
tr|Q8DSM8|Q8DSM8_STRMU,5.467763328552246
sp|Q8DSN0|FABM_STRMU,5.813628578186036
sp|Q8DSN2|FABH_STRMU,5.487656974792479
tr|Q8DSP0|Q8DSP0_STRMU,9.021592903137208
tr|Q8DSP1|Q8DSP1_STRMU,5.533526039123534
sp|Q8DSP4|MURC_STRMU,5.646124076843263
tr|Q8DSP6|Q8DSP6_STRMU,8.780029869079591
sp|Q8DSP8|YIDC2_STRMU,10.246943473815914
tr|Q8DSR4|Q8DSR4_STRMU,6.294486427307128
sp|Q8DST2|MURE_STRMU,7.752008628845215
sp|Q8DST6|UPP_STRMU,6.231906700134277
sp|Q8DST7|CLPP_STRMU,5.46560344696045
sp|Q8DSU6|KTHY_STRMU,5.360735511779786
sp|Q8DSV3|SERC_STRMU,5.148157691955565
tr|Q8DSV7|Q8DSV7_STRMU,8.532535743713382
tr|Q8DSV9|Q8DSV9_STRMU,8.787959480285647
tr|Q8DSW8|Q8DSW8_STRMU,5.069890403747558
sp|Q8DSX7|FTSK_STRMU,5.66436939239502
sp|Q8DSY1|PYRH_STRMU,5.474981880187988
sp|Q8DSZ0|COAE_STRMU,7.878826332092285
sp|Q8DT12|SYT_STRMU,5.264961814880371
tr|Q8DT18|Q8DT18_STRMU,5.714785575866699
sp|Q8DT23|METK_STRMU,5.241146278381346
sp|Q8DT24|MURA2_STRMU,5.907753944396972
tr|Q8DT31|Q8DT31_STRMU,5.21636447906494
tr|Q8DT38|Q8DT38_STRMU,5.079041481018065
sp|Q8DT49|DNLJ_STRMU,5.529604148864746
sp|Q8DT52|GLGB_STRMU,5.409617042541503
sp|Q8DT53|GLGC_STRMU,4.72192211151123
sp|Q8DT57|MURA1_STRMU,5.652205848693847
sp|Q8DT87|MIAA_STRMU,6.673090934753419
sp|Q8DT90|RNZ_STRMU,7.301616477966309
sp|Q8DT95|APT_STRMU,4.77597599029541
sp|Q8DT96|METAA_STRMU,5.631686973571777
tr|Q8DTC2|Q8DTC2_STRMU,5.257345390319824
tr|Q8DTC3|Q8DTC3_STRMU,8.299675941467285
tr|Q8DTC4|Q8DTC4_STRMU,6.249924659729005
sp|Q8DTC6|GLMM_STRMU,4.794619178771973
sp|Q8DTC7|CLPB_STRMU,5.9081518173217775
sp|Q8DTE3|CAS9_STRMU,8.85146083831787
sp|Q8DTF3|LEPA_STRMU,5.164640998840331
sp|Q8DTG1|URK_STRMU,5.814935874938965
tr|Q8DTG2|Q8DTG2_STRMU,4.860893440246582
sp|Q8DTG3|LEU3_STRMU,5.25927791595459
sp|Q8DTG4|LEUC_STRMU,5.7968042373657225
sp|Q8DTM1|NOAT_STRMU,6.873505210876465
sp|Q8DTN6|NRNA_STRMU,6.078952980041502
sp|Q8DTN8|ADD_STRMU,5.2966211318969725
tr|Q8DTQ2|Q8DTQ2_STRMU,5.397112464904786
sp|Q8DTQ7|HISX_STRMU,5.15190906524658
tr|Q8DTQ8|Q8DTQ8_STRMU,4.840999794006346
sp|Q8DTR1|HIS5_STRMU,5.186580848693846
sp|Q8DTR3|HIS6_STRMU,4.91159381866455
sp|Q8DTR4|HIS3_STRMU,4.89988498687744
sp|Q8DTT8|MNME_STRMU,4.776828575134277
sp|Q8DTT9|RPIA_STRMU,4.735449790954591
sp|Q8DTU0|DEOB_STRMU,5.350163459777832
tr|Q8DTU6|Q8DTU6_STRMU,4.99264621734619
sp|Q8DTU9|PYRK_STRMU,5.494079780578613
tr|Q8DTV0|Q8DTV0_STRMU,5.848414039611816
sp|Q8DTV1|PYRF_STRMU,5.699495887756348
sp|Q8DTV2|PYRE_STRMU,5.366362571716309
tr|Q8DTV9|Q8DTV9_STRMU,5.423315238952636
tr|Q8DTW0|Q8DTW0_STRMU,6.058888816833496
tr|Q8DTW6|Q8DTW6_STRMU,5.4947618484497065
tr|Q8DTW7|Q8DTW7_STRMU,5.03374080657959
sp|Q8DTY0|GLMS_STRMU,5.165550422668455
tr|Q8DTY6|Q8DTY6_STRMU,5.362952232360839
tr|Q8DU16|Q8DU16_STRMU,7.09762134552002
sp|Q8DU23|PSTB2_STRMU,5.903945732116699
sp|Q8DU24|PSTB1_STRMU,7.739560890197754
tr|Q8DU26|Q8DU26_STRMU,4.825369071960449
tr|Q8DU33|Q8DU33_STRMU,6.091571235656737
sp|Q8DU34|DEOC_STRMU,5.68591136932373
tr|Q8DU41|Q8DU41_STRMU,6.282891273498536
sp|Q8DU63|KITH_STRMU,6.898741722106934
tr|Q8DU65|Q8DU65_STRMU,4.626716804504395
sp|Q8DU81|GUAA_STRMU,4.877149391174316
sp|Q8DU98|NADK_STRMU,9.431611824035645
tr|Q8DUC2|Q8DUC2_STRMU,5.817720985412598
tr|Q8DUD3|Q8DUD3_STRMU,9.35057506561279
sp|Q8DUE1|RNH2_STRMU,7.021286582946778
sp|Q8DUE5|DAPA_STRMU,4.881582832336425
sp|Q8DUF7|POTA_STRMU,4.811670875549316
sp|Q8DUF8|MURB_STRMU,6.3222806930542
sp|Q8DUG2|GCH1_STRMU,5.915938758850097
sp|Q8DUI0|CLPX_STRMU,4.723740959167479
sp|Q8DUI4|TYSY_STRMU,8.285428428649904
sp|Q8DUI9|IDI2_STRMU,6.370480155944825
sp|Q8DUK3|TPX_STRMU,4.485415077209471
sp|Q8DUK7|QUEC_STRMU,6.303296470642091
tr|Q8DUK9|Q8DUK9_STRMU,8.2477144241333
sp|Q8DUL0|QUEF_STRMU,5.033570289611816
sp|Q8DUL8|CCA_STRMU,5.333111763000488
sp|Q8DUL9|DAPB_STRMU,5.069151496887206
sp|Q8DUP5|PYRB_STRMU,6.376391410827637
sp|Q8DUQ0|LSPA_STRMU,7.964698219299316
sp|Q8DUR1|THII_STRMU,6.071620750427246
tr|Q8DUS6|Q8DUS6_STRMU,5.511188316345213
sp|Q8DUU2|OBG_STRMU,5.1353120803833
tr|Q8DUV7|Q8DUV7_STRMU,4.598808860778808
sp|Q8DUV8|AROA_STRMU,5.988522148132325
sp|Q8DUW1|AROC_STRMU,6.240716743469237
sp|Q8DUW2|AROB_STRMU,5.424224662780761
sp|Q8DUW3|AROE_STRMU,6.190982627868652
sp|Q8DUW4|AROD_STRMU,4.420391273498535
sp|Q8DUW8|SYK_STRMU,5.1778276443481435
tr|Q8DV09|Q8DV09_STRMU,8.510680961608887
sp|Q8DV10|CAPP_STRMU,5.242794609069824
sp|Q8DV23|KCY_STRMU,7.816678810119629
sp|Q8DV44|ARGB_STRMU,5.970276832580566
sp|Q8DV45|ARGJ_STRMU,4.741304206848144
sp|Q8DV70|NAGB_STRMU,5.333452796936036
tr|Q8DV90|Q8DV90_STRMU,9.743767738342285
tr|Q8DV96|Q8DV96_STRMU,4.852765464782714
tr|Q8DVA1|Q8DVA1_STRMU,5.642259025573731
tr|Q8DVC0|Q8DVC0_STRMU,6.363091087341308
sp|Q8DVC1|FOLD_STRMU,6.305342674255372
sp|Q8DVD3|SYI_STRMU,5.250126838684081
tr|Q8DVD9|Q8DVD9_STRMU,4.422437477111817
sp|Q8DVE2|MURG_STRMU,6.768750953674316
sp|Q8DVE3|MURD_STRMU,5.931739997863769
tr|Q8DVE5|Q8DVE5_STRMU,4.976958656311035
sp|Q8DVF6|TRPD_STRMU,5.004809761047363
sp|Q8DVH2|COAD_STRMU,8.645548820495605
tr|Q8DVK3|Q8DVK3_STRMU,9.549008750915526
sp|Q8DVL3|RECU_STRMU,9.746475410461425
tr|Q8DVM2|Q8DVM2_STRMU,9.806753349304199
sp|Q8DVM4|MRAY_STRMU,9.47751331329346
sp|Q8DVN0|PROB_STRMU,5.213238334655761
sp|Q8DVQ4|TRMB_STRMU,7.144456672668457
sp|Q8DVR7|DPO4_STRMU,9.25284099578857
sp|Q8DVS2|PEPX_STRMU,6.255040168762207
sp|Q8DVT0|TSAD_STRMU,5.2253450393676735
sp|Q8DVV2|PGK_STRMU,5.231654167175292
tr|Q8DVV3|Q8DVV3_STRMU,5.708874320983887
tr|Q8DVW0|Q8DVW0_STRMU,5.129514503479004
sp|Q8DVW1|RSGA_STRMU,8.84063014984131
sp|Q8DVX3|YIDC1_STRMU,10.046382331848143
sp|Q8DVX9|SYE_STRMU,5.166118812561034
sp|Q8DVZ3|TGT_STRMU,6.145113563537596
tr|Q8DW01|Q8DW01_STRMU,4.9441625595092775
sp|Q8DW14|PURA_STRMU,5.981133079528808
tr|Q8DW26|Q8DW26_STRMU,9.021012687683104
tr|Q8DW42|Q8DW42_STRMU,4.996681785583495
tr|Q8DW44|Q8DW44_STRMU,9.881214332580566
tr|Q8DW45|Q8DW45_STRMU,6.1518774032592765
sp|Q8DW88|URDA_STRMU,5.033911323547363
sp|Q8DWA9|SYC_STRMU,5.262517738342285
sp|Q8DWB2|PNP_STRMU,5.14287166595459
sp|Q8DWC2|DEF_STRMU,5.5716650009155275
tr|Q8DWE2|Q8DWE2_STRMU,5.391144371032715
tr|Q8DWE8|Q8DWE8_STRMU,5.559728813171386
sp|Q8DWH1|TRUA_STRMU,9.237690925598145
sp|Q8DWH2|DNAJ_STRMU,6.277377891540527
sp|Q8DWI4|RUVB_STRMU,5.020156288146972
tr|Q8DWJ4|Q8DWJ4_STRMU,5.000831031799316
sp|Q8DWK8|PUR9_STRMU,5.068412590026854
tr|Q8DWL0|Q8DWL0_STRMU,5.221138954162597
sp|Q8DWL1|PUR5_STRMU,4.7684732437133786
tr|Q8DWL3|Q8DWL3_STRMU,5.789813041687012
sp|Q8DWL9|PLSX_STRMU,6.332170677185059
tr|Q8DWM7|Q8DWM7_STRMU,6.538553047180176
sp|Q8DWM8|HGPRT_STRMU,5.1573087692260735
sp|Q93D83|GPDA_STRMU,5.737464332580567
sp|Q93DA2|METN_STRMU,8.853846168518068
sp|Q99040|DEXB_STRMU,5.044312858581542
sp|Q9KIJ3|MTSA_STRMU,9.481897163391114
sp|Q9KJ75|PTMCB_STRMU,8.323142433166506
sp|Q9X670|G6PI_STRMU,4.838385200500488
sp|Q9ZA56|HPRK_STRMU,4.9854845046997065
tr|G1XVB9|G1XVB9_STRMU,10.641876792907716
tr|G1XVC0|G1XVC0_STRMU,9.6181188583374
tr|I6L8X6|I6L8X6_STRMU,9.428839683532715
tr|I6L8Y7|I6L8Y7_STRMU,5.3115129470825195
tr|I6L8Z0|I6L8Z0_STRMU,9.661957359313966
tr|I6L8Z3|I6L8Z3_STRMU,5.230176353454589
tr|I6L8Z4|I6L8Z4_STRMU,9.86838512420654
tr|I6L8Z5|I6L8Z5_STRMU,5.079496192932127
tr|I6L903|I6L903_STRMU,9.239044761657713
tr|I6L905|I6L905_STRMU,5.831760215759277
tr|I6L906|I6L906_STRMU,5.620319175720215
tr|I6L915|I6L915_STRMU,5.640724372863769
tr|I6L920|I6L920_STRMU,5.411322212219238
tr|I6L921|I6L921_STRMU,5.720696830749512
tr|I6L922|I6L922_STRMU,4.804395484924316
tr|I6L923|I6L923_STRMU,6.086114692687987
tr|I6L927|I6L927_STRMU,9.462943458557131
tr|I6L930|I6L930_STRMU,5.416096687316894
sp|O06940|HRCA_STRMU,5.530172538757324
sp|O06941|GRPE_STRMU,4.507923316955567
sp|O06942|DNAK_STRMU,4.581018257141113
sp|O07329|CCPA_STRMU,6.41396198272705
sp|O33662|SIGA_STRMU,4.844069099426269
sp|O69155|XERS_STRMU,9.342000770568848
sp|P11000|WAPA_STRMU,5.776455879211425
sp|P13522|SCRB_STRMU,5.34396800994873
sp|P26421|LACC_STRMU,5.429624366760252
sp|P26422|LACR_STRMU,5.948564338684082
sp|P26423|LACA_STRMU,6.072530174255371
sp|P26424|LACB_STRMU,5.7980546951293945
sp|P29337|BCCP_STRMU,4.608414649963378
sp|P34001|Y988_STRMU,8.11909999847412
sp|P48853|RS10_STRMU,9.923183250427243
sp|P59133|RS4_STRMU,10.061210060119631
sp|P59167|RS12_STRMU,11.274698448181152
sp|P59186|RS3_STRMU,9.642616844177244
sp|P59378|RS11_STRMU,11.435031318664553
sp|P59388|CODY_STRMU,4.7646081924438475
sp|P66308|RL36_STRMU,10.631432914733885
sp|P66474|RS18_STRMU,10.797632408142093
sp|P66531|RS21_STRMU,11.290557670593262
sp|P72477|ABCX_STRMU,9.17012805938721
sp|P72482|LGT_STRMU,9.410272789001464
sp|P95784|ATP6_STRMU,8.742509269714354
sp|P95786|ATPD_STRMU,5.220286369323729
sp|P95788|ATPG_STRMU,5.380174446105957
sp|P95790|ATPE_STRMU,6.074064826965332
sp|P96468|Y1061_STRMU,4.547653770446778
sp|P96994|GALT_STRMU,5.822609138488769
sp|Q00749|MSME_STRMU,9.279015159606931
sp|Q00750|MSMF_STRMU,9.543464469909669
sp|Q00751|MSMG_STRMU,9.413109397888185
sp|Q00752|MSMK_STRMU,5.919690132141112
sp|Q00753|MSMR_STRMU,9.31234531402588
sp|Q02418|MTLD_STRMU,5.170552253723143
sp|Q02425|MTLR_STRMU,6.283630180358887
sp|Q07211|SCRK_STRMU,5.373808479309083
sp|Q54430|SCRR_STRMU,7.753543281555175
sp|Q59925|FTHS_STRMU,5.623388481140137
sp|Q59935|MANA_STRMU,5.566890525817871
sp|Q59939|CISY_STRMU,8.978205680847168
sp|Q7ZAK8|SCPA_STRMU,5.068469429016112
sp|Q7ZAK9|SCPB_STRMU,4.579085731506347
tr|Q8CVC3|Q8CVC3_STRMU,9.407178306579592
tr|Q8CVC5|Q8CVC5_STRMU,4.97059268951416
sp|Q8CWW2|SYH_STRMU,5.701485252380372
sp|Q8CWW3|RUVA_STRMU,5.5476789474487305
sp|Q8CWW4|CPFC_STRMU,7.203910255432128
tr|Q8CWW8|Q8CWW8_STRMU,8.365884971618652
tr|Q8CWW9|Q8CWW9_STRMU,8.956415367126464
sp|Q8CWX0|GLGA_STRMU,4.985200309753417
sp|Q8CWX4|UVRC_STRMU,9.105595207214353
sp|Q8CWY5|SYGB_STRMU,4.852992820739746
sp|Q8CWY6|SYGA_STRMU,4.931714820861815
tr|Q8CWY9|Q8CWY9_STRMU,5.57490482330322
sp|Q8CWZ3|HSLO_STRMU,4.697879219055174
tr|Q8CWZ4|Q8CWZ4_STRMU,9.503171730041505
tr|Q8CWZ7|Q8CWZ7_STRMU,9.770393180847165
tr|Q8CZF0|Q8CZF0_STRMU,7.987584495544434
tr|Q8CZF2|Q8CZF2_STRMU,9.693869209289552
sp|Q8DRQ7|RLMH_STRMU,9.542175102233887
sp|Q8DRR3|RECF_STRMU,9.299773979187012
tr|Q8DRR8|Q8DRR8_STRMU,9.09785900115967
sp|Q8DRR9|ECFA1_STRMU,5.139688682556151
sp|Q8DRS0|ECFA2_STRMU,5.130708122253417
tr|Q8DRS1|Q8DRS1_STRMU,10.278404045104978
sp|Q8DRS6|MNMG_STRMU,6.869355964660645
tr|Q8DRS7|Q8DRS7_STRMU,4.945071983337402
sp|Q8DRS8|RL9_STRMU,9.652158164978026
tr|Q8DRU8|Q8DRU8_STRMU,7.72614688873291
sp|Q8DRV7|RL32_STRMU,10.911805915832517
sp|Q8DRW2|SYR_STRMU,5.7513330459594725
tr|Q8DRW3|Q8DRW3_STRMU,4.510992622375488
sp|Q8DRW6|ARGR_STRMU,5.579906654357909
sp|Q8DRW8|MUTS_STRMU,5.1816926956176745
sp|Q8DRX0|MUTL_STRMU,6.015861701965331
sp|Q8DRX8|YQGF_STRMU,7.867286491394044
tr|Q8DRY2|Q8DRY2_STRMU,5.981246757507324
tr|Q8DRY5|Q8DRY5_STRMU,4.750171089172363
sp|Q8DRY7|ZUPT_STRMU,5.950383186340332
tr|Q8DRZ0|Q8DRZ0_STRMU,6.718903160095215
tr|Q8DRZ6|Q8DRZ6_STRMU,5.813458061218263
sp|Q8DS02|PRMA_STRMU,4.228446006774903
tr|Q8DS03|Q8DS03_STRMU,5.759119987487793
tr|Q8DS05|Q8DS05_STRMU,6.471880912780762
tr|Q8DS07|Q8DS07_STRMU,8.150947380065919
sp|Q8DS11|RS2_STRMU,4.996397590637206
sp|Q8DS12|EFTS_STRMU,4.906876182556151
tr|Q8DS14|Q8DS14_STRMU,6.466935920715332
sp|Q8DS16|RL3_STRMU,9.992357826232912
tr|Q8DS17|Q8DS17_STRMU,9.758788871765137
tr|Q8DS18|Q8DS18_STRMU,9.94278163909912
sp|Q8DS19|RL22_STRMU,10.779452323913574
sp|Q8DS20|RL16_STRMU,10.657349205017091
sp|Q8DS21|RL29_STRMU,9.00296154022217
sp|Q8DS22|RS17_STRMU,10.183119773864746
sp|Q8DS23|RL14_STRMU,10.2688627243042
sp|Q8DS24|RL24_STRMU,9.910869789123534
sp|Q8DS25|RL5_STRMU,9.491760826110841
sp|Q8DS26|RS14Z_STRMU,10.357700157165525
sp|Q8DS27|RS8_STRMU,9.095924949645994
sp|Q8DS28|RL6_STRMU,9.694771766662598
sp|Q8DS29|RL18_STRMU,10.397090339660643
sp|Q8DS30|RL30_STRMU,10.282916831970212
sp|Q8DS31|RL15_STRMU,10.502238273620605
tr|Q8DS32|Q8DS32_STRMU,9.566415214538573
sp|Q8DS34|IF1_STRMU,8.031036186218262
sp|Q8DS35|RS13_STRMU,10.51983814239502
sp|Q8DS37|RL17_STRMU,9.861487007141115
sp|Q8DS40|ISPE_STRMU,8.507393074035647
tr|Q8DS45|Q8DS45_STRMU,9.267668724060059
sp|Q8DS46|RPOB_STRMU,5.038174247741699
tr|Q8DS51|Q8DS51_STRMU,9.618634605407713
tr|Q8DS61|Q8DS61_STRMU,5.2719530105590815
tr|Q8DS62|Q8DS62_STRMU,5.550179862976075
tr|Q8DS68|Q8DS68_STRMU,6.146761894226074
tr|Q8DS70|Q8DS70_STRMU,5.605200004577637
tr|Q8DS79|Q8DS79_STRMU,9.704119682312012
tr|Q8DS80|Q8DS80_STRMU,8.614410591125488
tr|Q8DS82|Q8DS82_STRMU,4.605970573425293
sp|Q8DS85|SYL_STRMU,5.109166145324706
sp|Q8DS88|NRDR_STRMU,8.665018272399902
tr|Q8DSC1|Q8DSC1_STRMU,6.668600654602051
tr|Q8DSC3|Q8DSC3_STRMU,5.610144996643067
tr|Q8DSC7|Q8DSC7_STRMU,9.695932197570801
tr|Q8DSD2|Q8DSD2_STRMU,4.385321617126464
tr|Q8DSD4|Q8DSD4_STRMU,7.6656702041625975
sp|Q8DSD7|RS6_STRMU,4.994862937927246
sp|Q8DSD8|SSB_STRMU,4.9841203689575195
tr|Q8DSE5|Q8DSE5_STRMU,6.578454017639161
sp|Q8DSE7|EFP_STRMU,4.886073112487793
sp|Q8DSE9|NUSB_STRMU,6.167678642272949
tr|Q8DSF1|Q8DSF1_STRMU,5.237224388122558
tr|Q8DSF2|Q8DSF2_STRMU,6.019499397277832
sp|Q8DSF3|ACPS_STRMU,9.344257164001466
tr|Q8DSF5|Q8DSF5_STRMU,8.149915885925292
tr|Q8DSF7|Q8DSF7_STRMU,5.926908683776855
tr|Q8DSG1|Q8DSG1_STRMU,5.18311367034912
sp|Q8DSG5|GATA_STRMU,5.177770805358886
sp|Q8DSG6|GATB_STRMU,5.035900688171386
tr|Q8DSH1|Q8DSH1_STRMU,7.186972236633301
sp|Q8DSI6|NADD_STRMU,6.234634971618653
tr|Q8DSI8|Q8DSI8_STRMU,5.153671073913573
sp|Q8DSJ2|TMCAL_STRMU,9.213644218444824
sp|Q8DSK1|NTDP_STRMU,6.518829917907715
sp|Q8DSK2|RECX_STRMU,8.733548164367676
sp|Q8DSK3|Y1779_STRMU,9.380746269226073
tr|Q8DSL6|Q8DSL6_STRMU,5.466001319885254
tr|Q8DSL7|Q8DSL7_STRMU,5.365680503845215
tr|Q8DSM1|Q8DSM1_STRMU,9.225184059143068
tr|Q8DSM5|Q8DSM5_STRMU,5.037492179870605
tr|Q8DSN3|Q8DSN3_STRMU,4.0500284194946286
tr|Q8DSN5|Q8DSN5_STRMU,7.864449882507324
tr|Q8DSN6|Q8DSN6_STRMU,5.655218315124511
tr|Q8DSN7|Q8DSN7_STRMU,4.565103340148926
sp|Q8DSN8|FABZ_STRMU,8.830573081970215
tr|Q8DSN9|Q8DSN9_STRMU,5.065059089660643
sp|Q8DSP7|GREA_STRMU,4.8035997390747065
tr|Q8DSP9|Q8DSP9_STRMU,7.984554481506349
sp|Q8DSQ5|MURI_STRMU,8.786670112609862
sp|Q8DSQ9|XERDL_STRMU,9.221444892883298
tr|Q8DSR0|Q8DSR0_STRMU,9.692450904846194
tr|Q8DSR8|Q8DSR8_STRMU,9.620504188537598
tr|Q8DSS4|Q8DSS4_STRMU,9.932273292541506
tr|Q8DST4|Q8DST4_STRMU,5.239043235778809
tr|Q8DST5|Q8DST5_STRMU,5.6525468826293945
tr|Q8DSU1|Q8DSU1_STRMU,9.6705961227417
tr|Q8DSU3|Q8DSU3_STRMU,5.0196447372436515
tr|Q8DSV0|Q8DSV0_STRMU,5.726608085632326
tr|Q8DSV1|Q8DSV1_STRMU,7.119788551330567
tr|Q8DSV6|Q8DSV6_STRMU,5.556261634826659
tr|Q8DSX5|Q8DSX5_STRMU,5.710863685607911
tr|Q8DSX6|Q8DSX6_STRMU,9.862647438049319
sp|Q8DSX9|RL11_STRMU,9.221702766418456
sp|Q8DSY0|RL1_STRMU,9.203329277038574
sp|Q8DSY2|RRF_STRMU,5.583601188659667
sp|Q8DSY4|MSRA_STRMU,5.360564994812012
sp|Q8DSY7|YBEY_STRMU,4.33297290802002
sp|Q8DSZ3|RL33_STRMU,9.821000862121583
tr|Q8DSZ4|Q8DSZ4_STRMU,9.518902015686034
sp|Q8DSZ5|SSRP_STRMU,9.957802772521973
tr|Q8DSZ8|Q8DSZ8_STRMU,4.900282859802245
tr|Q8DT00|Q8DT00_STRMU,5.132072257995604
tr|Q8DT03|Q8DT03_STRMU,4.768927955627441
tr|Q8DT05|Q8DT05_STRMU,8.257642555236817
tr|Q8DT08|Q8DT08_STRMU,4.613473320007324
tr|Q8DT16|Q8DT16_STRMU,5.098253059387206
tr|Q8DT27|Q8DT27_STRMU,9.14182643890381
tr|Q8DT30|Q8DT30_STRMU,5.4736177444458
tr|Q8DT45|Q8DT45_STRMU,5.591388130187987
tr|Q8DT50|Q8DT50_STRMU,6.059059333801269
tr|Q8DT51|Q8DT51_STRMU,5.560808753967284
tr|Q8DT55|Q8DT55_STRMU,5.2553560256958
tr|Q8DT64|Q8DT64_STRMU,4.715158271789551
sp|Q8DT75|ADDB_STRMU,5.710806846618653
tr|Q8DT80|Q8DT80_STRMU,4.803542900085449
tr|Q8DT88|Q8DT88_STRMU,6.40748233795166
tr|Q8DTA1|Q8DTA1_STRMU,4.9362619400024395
tr|Q8DTA6|Q8DTA6_STRMU,4.894655799865721
tr|Q8DTA7|Q8DTA7_STRMU,4.819400978088378
tr|Q8DTA9|Q8DTA9_STRMU,9.20642375946045
tr|Q8DTB3|Q8DTB3_STRMU,5.617420387268066
tr|Q8DTB7|Q8DTB7_STRMU,5.821415519714355
tr|Q8DTC8|Q8DTC8_STRMU,5.619693946838378
tr|Q8DTD0|Q8DTD0_STRMU,4.752444648742675
tr|Q8DTD3|Q8DTD3_STRMU,5.576382637023924
tr|Q8DTE4|Q8DTE4_STRMU,5.634642601013183
sp|Q8DTE5|CAS2_STRMU,9.343483543395994
tr|Q8DTF8|Q8DTF8_STRMU,6.665417671203613
sp|Q8DTG5|LEUD_STRMU,4.6178499221801745
tr|Q8DTJ7|Q8DTJ7_STRMU,5.334021186828613
tr|Q8DTK9|Q8DTK9_STRMU,4.627683067321779
tr|Q8DTL0|Q8DTL0_STRMU,9.718947410583493
tr|Q8DTL1|Q8DTL1_STRMU,9.444698905944826
tr|Q8DTL3|Q8DTL3_STRMU,5.948450660705566
tr|Q8DTM0|Q8DTM0_STRMU,5.807831001281738
sp|Q8DTM2|SYN_STRMU,5.1362215042114245
sp|Q8DTM7|Y1306_STRMU,5.933899879455566
tr|Q8DTM8|Q8DTM8_STRMU,5.049485206604003
sp|Q8DTM9|WHIA_STRMU,6.101461219787596
tr|Q8DTN0|Q8DTN0_STRMU,4.973832511901855
sp|Q8DTN5|RL31B_STRMU,8.925535011291508
sp|Q8DTN7|Y1296_STRMU,5.741443061828614
tr|Q8DTN9|Q8DTN9_STRMU,4.0500284194946286
sp|Q8DTP5|RL19_STRMU,10.925924491882324
sp|Q8DTQ3|EZRA_STRMU,4.656159400939941
sp|Q8DTQ4|HIS8_STRMU,5.205224037170409
sp|Q8DTQ5|HISZ_STRMU,6.318699836730957
sp|Q8DTQ6|HIS1_STRMU,6.845483589172363
sp|Q8DTQ9|HIS7_STRMU,6.1243104934692365
sp|Q8DTR2|HIS4_STRMU,4.875273704528809
tr|Q8DTR6|Q8DTR6_STRMU,5.134175300598144
tr|Q8DTS0|Q8DTS0_STRMU,5.607416725158691
tr|Q8DTU4|Q8DTU4_STRMU,5.189081764221189
sp|Q8DTV8|UNG_STRMU,6.626028251647949
tr|Q8DTW3|Q8DTW3_STRMU,5.175667762756347
tr|Q8DTW9|Q8DTW9_STRMU,5.000376319885253
tr|Q8DTX5|Q8DTX5_STRMU,5.676476097106933
tr|Q8DTX7|Q8DTX7_STRMU,5.087624168395995
tr|Q8DTX9|Q8DTX9_STRMU,9.995065498352051
tr|Q8DTY7|Q8DTY7_STRMU,5.2761022567749025
tr|Q8DU14|Q8DU14_STRMU,9.0882532119751
sp|Q8DU15|TRUB_STRMU,6.919260597229004
sp|Q8DU17|SPX_STRMU,5.483109855651855
tr|Q8DU19|Q8DU19_STRMU,9.19340114593506
tr|Q8DU20|Q8DU20_STRMU,9.619537162780762
tr|Q8DU21|Q8DU21_STRMU,10.234823417663574
tr|Q8DU22|Q8DU22_STRMU,9.323627281188966
tr|Q8DU25|Q8DU25_STRMU,4.966841316223144
tr|Q8DU28|Q8DU28_STRMU,4.594318580627441
tr|Q8DU29|Q8DU29_STRMU,9.18102321624756
sp|Q8DU30|RS20_STRMU,10.903102684020993
sp|Q8DU31|COAA_STRMU,6.119479179382323
tr|Q8DU35|Q8DU35_STRMU,8.66650104522705
tr|Q8DU55|Q8DU55_STRMU,9.564029884338382
tr|Q8DU58|Q8DU58_STRMU,4.613757514953612
tr|Q8DU61|Q8DU61_STRMU,8.438089561462405
sp|Q8DU62|Y1087_STRMU,8.05115032196045
sp|Q8DU64|RF1_STRMU,4.920744895935058
tr|Q8DU66|Q8DU66_STRMU,9.394929313659667
tr|Q8DU72|Q8DU72_STRMU,4.875728416442871
tr|Q8DU84|Q8DU84_STRMU,5.063183403015136
tr|Q8DU85|Q8DU85_STRMU,9.60084133148193
sp|Q8DU91|REX_STRMU,8.542592811584473
tr|Q8DU99|Q8DU99_STRMU,8.566639518737794
tr|Q8DUA0|Q8DUA0_STRMU,4.92301845550537
tr|Q8DUC1|Q8DUC1_STRMU,5.330269813537597
sp|Q8DUC3|CITD_STRMU,5.060796165466308
sp|Q8DUC9|CITG_STRMU,7.765365791320801
tr|Q8DUD0|Q8DUD0_STRMU,6.078043556213378
tr|Q8DUE2|Q8DUE2_STRMU,9.128739356994632
tr|Q8DUF2|Q8DUF2_STRMU,5.417006111145019
tr|Q8DUF9|Q8DUF9_STRMU,5.591217613220214
tr|Q8DUG0|Q8DUG0_STRMU,6.124822044372558
tr|Q8DUG1|Q8DUG1_STRMU,5.344650077819824
tr|Q8DUG3|Q8DUG3_STRMU,6.808879280090332
sp|Q8DUG4|KHSE_STRMU,5.093364906311035
tr|Q8DUG5|Q8DUG5_STRMU,5.290368843078612
tr|Q8DUG6|Q8DUG6_STRMU,9.251358222961425
sp|Q8DUG9|RL7_STRMU,4.452448463439941
sp|Q8DUH2|RL10_STRMU,4.8733980178833
tr|Q8DUH3|Q8DUH3_STRMU,4.990088462829589
sp|Q8DUH9|ENGB_STRMU,8.905034065246582
tr|Q8DUI2|Q8DUI2_STRMU,6.38486042022705
tr|Q8DUI6|Q8DUI6_STRMU,9.270376396179199
tr|Q8DUJ1|Q8DUJ1_STRMU,8.553165626525882
tr|Q8DUJ9|Q8DUJ9_STRMU,8.474772071838384
tr|Q8DUK8|Q8DUK8_STRMU,6.16375675201416
tr|Q8DUL2|Q8DUL2_STRMU,5.43542194366455
tr|Q8DUM2|Q8DUM2_STRMU,6.499334144592285
tr|Q8DUM7|Q8DUM7_STRMU,4.894769477844237
tr|Q8DUN2|Q8DUN2_STRMU,6.008302116394042
sp|Q8DUN5|FENR_STRMU,5.2482511520385735
sp|Q8DUN6|TRMD_STRMU,5.091205024719237
sp|Q8DUN7|RIMM_STRMU,5.686650276184082
tr|Q8DUN8|Q8DUN8_STRMU,5.722004127502442
sp|Q8DUN9|RS16_STRMU,10.187181282043458
sp|Q8DUP7|PYRR_STRMU,5.214829826354979
tr|Q8DUP9|Q8DUP9_STRMU,8.435833168029788
tr|Q8DUQ2|Q8DUQ2_STRMU,5.794928550720214
sp|Q8DUQ4|RL27_STRMU,10.326497459411616
sp|Q8DUQ6|RL21_STRMU,9.788250923156735
tr|Q8DUQ8|Q8DUQ8_STRMU,9.48834400177002
tr|Q8DUR4|Q8DUR4_STRMU,8.590621757507325
tr|Q8DUR5|Q8DUR5_STRMU,5.4567365646362305
tr|Q8DUS5|Q8DUS5_STRMU,4.942230033874511
tr|Q8DUS8|Q8DUS8_STRMU,5.070288276672362
tr|Q8DUT7|Q8DUT7_STRMU,9.397121238708493
sp|Q8DUV4|Y788_STRMU,8.201361656188965
tr|Q8DUV5|Q8DUV5_STRMU,8.60403118133545
tr|Q8DUV6|Q8DUV6_STRMU,5.200620079040527
tr|Q8DUW0|Q8DUW0_STRMU,5.60014133453369
tr|Q8DUW6|Q8DUW6_STRMU,8.85088062286377
tr|Q8DUX1|Q8DUX1_STRMU,9.696254539489747
sp|Q8DUX9|SPRTL_STRMU,9.406211280822756
sp|Q8DUY3|TCMPB_STRMU,8.851783180236819
sp|Q8DUY4|TCMPA_STRMU,9.549008750915526
tr|Q8DV08|Q8DV08_STRMU,9.057953071594238
sp|Q8DV20|RL20_STRMU,10.79776134490967
sp|Q8DV21|RL35_STRMU,11.999967765808105
sp|Q8DV22|IF3_STRMU,9.9264066696167
tr|Q8DV28|Q8DV28_STRMU,5.519373130798338
tr|Q8DV42|Q8DV42_STRMU,5.457816505432128
tr|Q8DV43|Q8DV43_STRMU,4.437556648254395
tr|Q8DV48|Q8DV48_STRMU,8.768038749694824
tr|Q8DV59|Q8DV59_STRMU,6.101745414733886
tr|Q8DV71|Q8DV71_STRMU,8.62466106414795
sp|Q8DV72|QUEA_STRMU,6.2446386337280275
tr|Q8DV76|Q8DV76_STRMU,5.149692344665527
tr|Q8DV82|Q8DV82_STRMU,9.921764945983885
sp|Q8DV91|RF3_STRMU,5.08853359222412
sp|Q8DV98|FOLT_STRMU,10.059469413757324
sp|Q8DV99|RECR_STRMU,4.910684394836425
tr|Q8DVA3|Q8DVA3_STRMU,7.171966743469238
tr|Q8DVB0|Q8DVB0_STRMU,5.244783973693846
tr|Q8DVB1|Q8DVB1_STRMU,6.765113258361817
sp|Q8DVB4|EX7S_STRMU,4.320638847351075
sp|Q8DVB5|EX7L_STRMU,9.104176902770995
sp|Q8DVB6|LYTS_STRMU,7.2213029861450195
sp|Q8DVB7|LYTR_STRMU,5.300940895080566
tr|Q8DVC3|Q8DVC3_STRMU,8.614797401428223
sp|Q8DVC9|OTC_STRMU,6.028025245666503
tr|Q8DVD0|Q8DVD0_STRMU,5.265871238708496
sp|Q8DVD7|SEPF_STRMU,5.609917640686036
tr|Q8DVD8|Q8DVD8_STRMU,8.467938423156738
tr|Q8DVE0|Q8DVE0_STRMU,5.057215309143066
tr|Q8DVE1|Q8DVE1_STRMU,8.951257896423343
tr|Q8DVE8|Q8DVE8_STRMU,4.841227149963378
sp|Q8DVF2|TRPA_STRMU,5.513575553894042
sp|Q8DVF3|TRPB_STRMU,5.314866447448731
sp|Q8DVF4|TRPF_STRMU,6.180069541931151
sp|Q8DVF5|TRPC_STRMU,4.973491477966308
tr|Q8DVF8|Q8DVF8_STRMU,5.604347419738769
tr|Q8DVH0|Q8DVH0_STRMU,6.071052360534667
tr|Q8DVI2|Q8DVI2_STRMU,6.346607780456543
tr|Q8DVI3|Q8DVI3_STRMU,9.566286277770995
tr|Q8DVI4|Q8DVI4_STRMU,6.385826683044433
tr|Q8DVI8|Q8DVI8_STRMU,6.362124824523924
tr|Q8DVJ0|Q8DVJ0_STRMU,9.552361106872556
tr|Q8DVJ2|Q8DVJ2_STRMU,5.819767189025879
tr|Q8DVJ3|Q8DVJ3_STRMU,5.037946891784667
tr|Q8DVJ7|Q8DVJ7_STRMU,4.784786033630371
tr|Q8DVJ9|Q8DVJ9_STRMU,5.796349525451659
tr|Q8DVK1|Q8DVK1_STRMU,8.965505409240723
tr|Q8DVK2|Q8DVK2_STRMU,4.507241249084472
sp|Q8DVK4|FMT_STRMU,7.028277778625487
sp|Q8DVK5|RPOZ_STRMU,5.513689231872558
sp|Q8DVK6|KGUA_STRMU,4.961612129211424
sp|Q8DVK7|RNY_STRMU,5.576837348937987
sp|Q8DVK8|LUXS_STRMU,5.772363471984862
tr|Q8DVK9|Q8DVK9_STRMU,5.39984073638916
sp|Q8DVL1|GPSB_STRMU,5.368181419372559
tr|Q8DVL4|Q8DVL4_STRMU,6.178307533264159
tr|Q8DVL5|Q8DVL5_STRMU,5.382163810729981
tr|Q8DVL6|Q8DVL6_STRMU,5.191412162780761
tr|Q8DVL7|Q8DVL7_STRMU,4.8658952713012695
tr|Q8DVM5|Q8DVM5_STRMU,9.120229530334473
tr|Q8DVM6|Q8DVM6_STRMU,9.2579984664917
sp|Q8DVM7|RSMH_STRMU,7.709606742858887
sp|Q8DVM9|PROA_STRMU,5.437127113342284
tr|Q8DVN9|Q8DVN9_STRMU,5.627139854431152
tr|Q8DVP6|Q8DVP6_STRMU,5.197721290588378
sp|Q8DVP8|RBFA_STRMU,9.124419975280762
sp|Q8DVP9|IF2_STRMU,8.967246055603027
tr|Q8DVQ2|Q8DVQ2_STRMU,4.793596076965333
sp|Q8DVQ3|RIMP_STRMU,4.821219825744628
sp|Q8DVR0|BRPA_STRMU,7.658565330505372
tr|Q8DVR1|Q8DVR1_STRMU,4.596535301208497
sp|Q8DVS3|Y394_STRMU,5.319129371643067
tr|Q8DVT1|Q8DVT1_STRMU,5.02152042388916
sp|Q8DVU6|RPOY_STRMU,4.6853746414184565
tr|Q8DVU7|Q8DVU7_STRMU,5.92861385345459
sp|Q8DVU8|Y367_STRMU,4.301711463928222
tr|Q8DVU9|Q8DVU9_STRMU,5.1215002059936525
sp|Q8DVV4|EFG_STRMU,4.806953239440918
sp|Q8DVV5|RS7_STRMU,10.389225196838382
tr|Q8DVV9|Q8DVV9_STRMU,5.021406745910644
tr|Q8DVW8|Q8DVW8_STRMU,9.161424827575683
sp|Q8DVX0|RL34_STRMU,11.999967765808105
tr|Q8DVX2|Q8DVX2_STRMU,6.912667274475097
sp|Q8DVX4|RNPA_STRMU,10.032650566101072
sp|Q8DVX5|ARLY_STRMU,5.446789741516112
tr|Q8DVY2|Q8DVY2_STRMU,6.8754377365112305
tr|Q8DVY3|Q8DVY3_STRMU,5.363122749328612
tr|Q8DVY5|Q8DVY5_STRMU,4.857937812805175
sp|Q8DVY6|DAPEL_STRMU,5.2966211318969725
sp|Q8DVY7|DAPH_STRMU,4.651725959777832
tr|Q8DVY9|Q8DVY9_STRMU,5.678408622741699
tr|Q8DVZ5|Q8DVZ5_STRMU,5.233700370788574
tr|Q8DW04|Q8DW04_STRMU,9.753953742980958
tr|Q8DW05|Q8DW05_STRMU,8.635233879089355
tr|Q8DW16|Q8DW16_STRMU,5.355392646789551
sp|Q8DW17|AGUA_STRMU,4.820196723937988
tr|Q8DW25|Q8DW25_STRMU,9.41671962738037
tr|Q8DW30|Q8DW30_STRMU,5.655900382995605
sp|Q8DW33|MECA_STRMU,4.502523612976075
tr|Q8DW35|Q8DW35_STRMU,9.668984413146973
tr|Q8DW83|Q8DW83_STRMU,6.013474464416503
sp|Q8DW97|RS9_STRMU,10.524350929260255
tr|Q8DW98|Q8DW98_STRMU,9.871479606628416
tr|Q8DWA8|Q8DWA8_STRMU,7.853296852111816
tr|Q8DWB0|Q8DWB0_STRMU,6.89857120513916
sp|Q8DWB3|RS15_STRMU,10.183184242248537
tr|Q8DWB9|Q8DWB9_STRMU,5.486406517028808
tr|Q8DWC5|Q8DWC5_STRMU,4.885163688659667
tr|Q8DWC7|Q8DWC7_STRMU,4.745112419128417
tr|Q8DWD3|Q8DWD3_STRMU,5.615999412536621
tr|Q8DWD4|Q8DWD4_STRMU,4.879991340637207
tr|Q8DWD5|Q8DWD5_STRMU,5.530172538757324
tr|Q8DWD6|Q8DWD6_STRMU,5.510790443420409
sp|Q8DWE0|DPO3_STRMU,5.112747001647949
sp|Q8DWE1|RL28_STRMU,11.211841773986816
tr|Q8DWE3|Q8DWE3_STRMU,5.917132377624512
sp|Q8DWE5|LACD2_STRMU,4.795585441589356
tr|Q8DWG0|Q8DWG0_STRMU,4.963203620910644
sp|Q8DWG2|RPOE_STRMU,4.0500284194946286
tr|Q8DWH0|Q8DWH0_STRMU,5.725016593933106
sp|Q8DWH8|Y072_STRMU,4.574197578430176
tr|Q8DWH9|Q8DWH9_STRMU,5.446448707580566
tr|Q8DWI3|Q8DWI3_STRMU,6.291303443908691
tr|Q8DWJ5|Q8DWJ5_STRMU,6.835991477966309
tr|Q8DWJ7|Q8DWJ7_STRMU,4.881128120422363
tr|Q8DWK2|Q8DWK2_STRMU,8.992195320129394
sp|Q8DWL6|PUR7_STRMU,5.821301841735839
tr|Q8DWL8|Q8DWL8_STRMU,4.124658012390136
sp|Q8DWM0|RECO_STRMU,6.198485374450684
tr|Q8DWM1|Q8DWM1_STRMU,5.393929481506347
tr|Q8DWM3|Q8DWM3_STRMU,4.830427742004394
tr|Q8DWM4|Q8DWM4_STRMU,9.079743385314941
sp|Q8DWM9|TILS_STRMU,9.56718883514404
tr|Q8DWN0|Q8DWN0_STRMU,9.580598258972167
tr|Q8DWN4|Q8DWN4_STRMU,5.681705284118652
sp|Q8DWN5|PTH_STRMU,9.397056770324706
tr|Q8DWN6|Q8DWN6_STRMU,4.787741661071778
tr|Q8DWN8|Q8DWN8_STRMU,4.994806098937987
sp|Q8DWN9|DNAA_STRMU,5.532218742370604
sp|Q93D93|HTPX_STRMU,7.02924404144287
sp|Q93D95|RSMG_STRMU,8.828316688537598
sp|Q93D97|Y1934_STRMU,4.969853782653809
sp|Q9XB21|DBH_STRMU,9.820936393737792
tr|I6L8X7|I6L8X7_STRMU,4.9110822677612305
tr|I6L8X8|I6L8X8_STRMU,5.044653892517089
tr|I6L8X9|I6L8X9_STRMU,5.059090995788574
tr|I6L8Y1|I6L8Y1_STRMU,5.162765312194823
tr|I6L8Y2|I6L8Y2_STRMU,5.5811571121215815
tr|I6L8Y3|I6L8Y3_STRMU,9.235112190246582
tr|I6L8Y4|I6L8Y4_STRMU,4.726696586608886
tr|I6L8Y5|I6L8Y5_STRMU,9.200750541687015
tr|I6L8Y6|I6L8Y6_STRMU,5.961125755310059
tr|I6L8Y8|I6L8Y8_STRMU,5.2118741989135735
tr|I6L8Y9|I6L8Y9_STRMU,5.26757640838623
tr|I6L8Z1|I6L8Z1_STRMU,4.359118843078614
tr|I6L8Z2|I6L8Z2_STRMU,9.696383476257324
tr|I6L8Z6|I6L8Z6_STRMU,4.941434288024902
tr|I6L8Z7|I6L8Z7_STRMU,9.584788703918456
tr|I6L8Z8|I6L8Z8_STRMU,6.3470056533813475
tr|I6L8Z9|I6L8Z9_STRMU,4.613757514953612
tr|I6L900|I6L900_STRMU,9.733323860168458
tr|I6L901|I6L901_STRMU,9.6782678604126
tr|I6L902|I6L902_STRMU,9.60935115814209
tr|I6L904|I6L904_STRMU,6.157277107238768
tr|I6L907|I6L907_STRMU,9.685810661315916
tr|I6L908|I6L908_STRMU,9.505943870544431
tr|I6L909|I6L909_STRMU,5.679602241516113
tr|I6L910|I6L910_STRMU,5.25041103363037
tr|I6L911|I6L911_STRMU,9.810492515563965
tr|I6L912|I6L912_STRMU,9.381842231750486
tr|I6L913|I6L913_STRMU,4.37037296295166
tr|I6L914|I6L914_STRMU,8.990648078918458
tr|I6L916|I6L916_STRMU,5.140427589416503
tr|I6L917|I6L917_STRMU,9.19946117401123
tr|I6L918|I6L918_STRMU,9.78676815032959
tr|I6L919|I6L919_STRMU,9.599938774108885
tr|I6L924|I6L924_STRMU,9.144920921325685
tr|I6L925|I6L925_STRMU,4.864417457580566
tr|I6L926|I6L926_STRMU,5.674884605407715
tr|I6L929|I6L929_STRMU,10.441573524475096
sp|P10540|LPAS_STRMU,5.890304374694824
sp|P59154|Y1141_STRMU,8.829606056213382
sp|Q02419|YJDM_STRMU,5.193003654479979
tr|Q8CLZ8|Q8CLZ8_STRMU,9.608384132385254
tr|Q8CM14|Q8CM14_STRMU,5.776967430114746
tr|Q8CMD5|Q8CMD5_STRMU,9.520578193664551
tr|Q8CVC4|Q8CVC4_STRMU,9.325883674621583
tr|Q8CVC7|Q8CVC7_STRMU,5.655559349060058
tr|Q8CVC8|Q8CVC8_STRMU,4.960134315490721
tr|Q8CWW7|Q8CWW7_STRMU,6.035527992248535
tr|Q8CWX3|Q8CWX3_STRMU,8.960219001770021
tr|Q8CWX5|Q8CWX5_STRMU,9.454562568664553
tr|Q8CWY1|Q8CWY1_STRMU,5.597754096984862
tr|Q8CWY2|Q8CWY2_STRMU,5.659594917297363
tr|Q8CWY7|Q8CWY7_STRMU,6.821213340759278
tr|Q8CWY8|Q8CWY8_STRMU,5.226936531066893
tr|Q8CWZ2|Q8CWZ2_STRMU,8.882018852233887
tr|Q8CWZ5|Q8CWZ5_STRMU,9.578857612609863
tr|Q8CZF1|Q8CZF1_STRMU,4.85913143157959
tr|Q8DRQ5|Q8DRQ5_STRMU,9.505170249938963
tr|Q8DRQ6|Q8DRQ6_STRMU,8.320950508117676
tr|Q8DRQ8|Q8DRQ8_STRMU,9.802047157287596
tr|Q8DRQ9|Q8DRQ9_STRMU,9.521287345886229
tr|Q8DRR0|Q8DRR0_STRMU,4.693047904968262
tr|Q8DRR4|Q8DRR4_STRMU,9.925117301940915
tr|Q8DRR5|Q8DRR5_STRMU,6.3375135421752935
tr|Q8DRR6|Q8DRR6_STRMU,6.099358177185057
tr|Q8DRR7|Q8DRR7_STRMU,4.52548656463623
tr|Q8DRS2|Q8DRS2_STRMU,4.3142728805542
tr|Q8DRS3|Q8DRS3_STRMU,5.328507804870605
tr|Q8DRS5|Q8DRS5_STRMU,4.8782861709594725
tr|Q8DRT0|Q8DRT0_STRMU,5.8747873306274405
tr|Q8DRT1|Q8DRT1_STRMU,5.154182624816893
tr|Q8DRT2|Q8DRT2_STRMU,8.47805995941162
tr|Q8DRT3|Q8DRT3_STRMU,9.30054759979248
tr|Q8DRT4|Q8DRT4_STRMU,9.52193202972412
tr|Q8DRT5|Q8DRT5_STRMU,8.988004875183105
tr|Q8DRT6|Q8DRT6_STRMU,4.363211250305175
tr|Q8DRT8|Q8DRT8_STRMU,4.953143119812012
tr|Q8DRT9|Q8DRT9_STRMU,5.626969337463378
tr|Q8DRU0|Q8DRU0_STRMU,9.994485282897951
tr|Q8DRU1|Q8DRU1_STRMU,9.599294090270995
tr|Q8DRU2|Q8DRU2_STRMU,9.48408908843994
tr|Q8DRU3|Q8DRU3_STRMU,6.0911165237426745
tr|Q8DRU4|Q8DRU4_STRMU,8.282205009460451
tr|Q8DRU5|Q8DRU5_STRMU,9.740608787536619
tr|Q8DRU6|Q8DRU6_STRMU,9.468745613098147
tr|Q8DRU7|Q8DRU7_STRMU,9.441797828674318
tr|Q8DRU9|Q8DRU9_STRMU,5.712227821350097
tr|Q8DRV0|Q8DRV0_STRMU,9.046542167663574
tr|Q8DRV1|Q8DRV1_STRMU,9.497885322570802
tr|Q8DRV2|Q8DRV2_STRMU,5.002479362487793
tr|Q8DRV3|Q8DRV3_STRMU,6.50541591644287
tr|Q8DRV4|Q8DRV4_STRMU,10.078423118591306
tr|Q8DRV5|Q8DRV5_STRMU,9.023333549499512
tr|Q8DRV6|Q8DRV6_STRMU,5.221082115173339
tr|Q8DRV8|Q8DRV8_STRMU,9.28423709869385
tr|Q8DRW0|Q8DRW0_STRMU,10.020530509948731
tr|Q8DRW1|Q8DRW1_STRMU,6.4321504592895495
tr|Q8DRW4|Q8DRW4_STRMU,10.103759193420409
tr|Q8DRW5|Q8DRW5_STRMU,9.336649894714355
tr|Q8DRW7|Q8DRW7_STRMU,5.112917518615721
tr|Q8DRW9|Q8DRW9_STRMU,6.055876350402832
tr|Q8DRX1|Q8DRX1_STRMU,8.513001823425292
sp|Q8DRX2|CINA_STRMU,5.987044334411621
tr|Q8DRX3|Q8DRX3_STRMU,8.991744041442871
tr|Q8DRX4|Q8DRX4_STRMU,10.207295417785645
tr|Q8DRX5|Q8DRX5_STRMU,9.779483222961424
tr|Q8DRX6|Q8DRX6_STRMU,9.9594144821167
sp|Q8DRX7|Y2079_STRMU,4.9306348800659165
sp|Q8DRX9|Y2077_STRMU,4.0500284194946286
tr|Q8DRY0|Q8DRY0_STRMU,9.463910484313967
tr|Q8DRY1|Q8DRY1_STRMU,9.37333240509033
tr|Q8DRY3|Q8DRY3_STRMU,10.197689628601072
tr|Q8DRY4|Q8DRY4_STRMU,6.226677513122559
sp|Q8DRY6|Y2070_STRMU,9.624952507019042
tr|Q8DRY8|Q8DRY8_STRMU,8.778804969787597
tr|Q8DRY9|Q8DRY9_STRMU,9.536759757995604
tr|Q8DRZ1|Q8DRZ1_STRMU,9.340840339660645
tr|Q8DRZ2|Q8DRZ2_STRMU,8.823223686218263
tr|Q8DRZ3|Q8DRZ3_STRMU,5.580986595153808
sp|Q8DRZ4|Y2059_STRMU,9.597295570373536
tr|Q8DRZ5|Q8DRZ5_STRMU,6.794044303894043
tr|Q8DRZ7|Q8DRZ7_STRMU,6.231281471252441
tr|Q8DRZ8|Q8DRZ8_STRMU,6.838662910461426
tr|Q8DRZ9|Q8DRZ9_STRMU,4.133354377746582
tr|Q8DS00|Q8DS00_STRMU,9.864903831481932
tr|Q8DS01|Q8DS01_STRMU,9.183021736145019
tr|Q8DS04|Q8DS04_STRMU,9.800177574157715
tr|Q8DS06|Q8DS06_STRMU,5.2647912979125975
tr|Q8DS09|Q8DS09_STRMU,6.416747093200684
tr|Q8DS10|Q8DS10_STRMU,9.501044273376465
tr|Q8DS13|Q8DS13_STRMU,7.93903980255127
tr|Q8DS15|Q8DS15_STRMU,7.737116813659668
tr|Q8DS38|Q8DS38_STRMU,6.01301975250244
tr|Q8DS39|Q8DS39_STRMU,6.135848808288574
tr|Q8DS41|Q8DS41_STRMU,5.9737440109252935
tr|Q8DS42|Q8DS42_STRMU,6.800182914733886
tr|Q8DS43|Q8DS43_STRMU,7.854973030090332
tr|Q8DS48|Q8DS48_STRMU,5.775375938415528
tr|Q8DS49|Q8DS49_STRMU,7.768378257751466
tr|Q8DS50|Q8DS50_STRMU,7.697784233093262
tr|Q8DS52|Q8DS52_STRMU,9.27231044769287
tr|Q8DS53|Q8DS53_STRMU,8.965247535705569
tr|Q8DS54|Q8DS54_STRMU,9.439025688171387
tr|Q8DS55|Q8DS55_STRMU,9.743316459655762
tr|Q8DS56|Q8DS56_STRMU,5.351413917541504
tr|Q8DS58|Q8DS58_STRMU,9.2992582321167
tr|Q8DS59|Q8DS59_STRMU,9.603420066833493
tr|Q8DS60|Q8DS60_STRMU,9.869545555114744
tr|Q8DS63|Q8DS63_STRMU,5.235121345520019
tr|Q8DS64|Q8DS64_STRMU,4.9920778274536115
tr|Q8DS65|Q8DS65_STRMU,6.443802452087401
tr|Q8DS66|Q8DS66_STRMU,9.492469978332519
tr|Q8DS67|Q8DS67_STRMU,7.827638435363771
tr|Q8DS69|Q8DS69_STRMU,9.51928882598877
tr|Q8DS71|Q8DS71_STRMU,5.1810106277465815
tr|Q8DS72|Q8DS72_STRMU,9.07909870147705
tr|Q8DS73|Q8DS73_STRMU,4.097602653503418
tr|Q8DS74|Q8DS74_STRMU,7.733308601379394
tr|Q8DS75|Q8DS75_STRMU,4.971502113342285
tr|Q8DS76|Q8DS76_STRMU,7.69522647857666
tr|Q8DS77|Q8DS77_STRMU,7.965987586975098
tr|Q8DS78|Q8DS78_STRMU,9.221509361267088
tr|Q8DS81|Q8DS81_STRMU,9.696512413024902
tr|Q8DS83|Q8DS83_STRMU,9.254775047302243
tr|Q8DS84|Q8DS84_STRMU,9.191467094421387
tr|Q8DS86|Q8DS86_STRMU,6.388327598571778
tr|Q8DS87|Q8DS87_STRMU,9.723137855529785
tr|Q8DS89|Q8DS89_STRMU,6.743855476379395
tr|Q8DS91|Q8DS91_STRMU,8.963700294494632
tr|Q8DS92|Q8DS92_STRMU,9.546623420715331
tr|Q8DS93|Q8DS93_STRMU,8.30638065338135
tr|Q8DS94|Q8DS94_STRMU,9.381004142761231
tr|Q8DS95|Q8DS95_STRMU,4.0500284194946286
tr|Q8DS96|Q8DS96_STRMU,9.718302726745605
tr|Q8DS97|Q8DS97_STRMU,11.068786430358884
tr|Q8DS98|Q8DS98_STRMU,10.124066734313963
tr|Q8DS99|Q8DS99_STRMU,9.947165489196777
tr|Q8DSA0|Q8DSA0_STRMU,10.218255043029785
tr|Q8DSA1|Q8DSA1_STRMU,8.161455726623537
tr|Q8DSA2|Q8DSA2_STRMU,4.139038276672363
tr|Q8DSA3|Q8DSA3_STRMU,4.861007118225097
tr|Q8DSA4|Q8DSA4_STRMU,4.787514305114747
tr|Q8DSA5|Q8DSA5_STRMU,9.303642082214353
tr|Q8DSA6|Q8DSA6_STRMU,6.540997123718263
tr|Q8DSA7|Q8DSA7_STRMU,10.046962547302243
tr|Q8DSA8|Q8DSA8_STRMU,6.816382026672363
tr|Q8DSA9|Q8DSA9_STRMU,5.109279823303221
tr|Q8DSB0|Q8DSB0_STRMU,9.08335361480713
tr|Q8DSB1|Q8DSB1_STRMU,4.603071784973144
tr|Q8DSB2|Q8DSB2_STRMU,4.584314918518066
tr|Q8DSB3|Q8DSB3_STRMU,9.678525733947755
tr|Q8DSB4|Q8DSB4_STRMU,7.807975578308106
tr|Q8DSB5|Q8DSB5_STRMU,4.0500284194946286
tr|Q8DSB6|Q8DSB6_STRMU,9.334071159362793
tr|Q8DSB8|Q8DSB8_STRMU,9.66969356536865
tr|Q8DSB9|Q8DSB9_STRMU,10.081001853942869
tr|Q8DSC0|Q8DSC0_STRMU,5.086373710632324
tr|Q8DSC2|Q8DSC2_STRMU,9.438703346252442
tr|Q8DSC5|Q8DSC5_STRMU,9.715466117858885
tr|Q8DSC9|Q8DSC9_STRMU,7.868833732604981
tr|Q8DSD0|Q8DSD0_STRMU,9.125515937805176
tr|Q8DSD3|Q8DSD3_STRMU,5.4142778396606435
tr|Q8DSD5|Q8DSD5_STRMU,4.817468452453612
tr|Q8DSD6|Q8DSD6_STRMU,9.30261058807373
tr|Q8DSD9|Q8DSD9_STRMU,9.078905296325683
tr|Q8DSE0|Q8DSE0_STRMU,6.356554603576659
tr|Q8DSE1|Q8DSE1_STRMU,9.59961643218994
tr|Q8DSE2|Q8DSE2_STRMU,9.655252647399902
tr|Q8DSE3|Q8DSE3_STRMU,4.821162986755371
tr|Q8DSE4|Q8DSE4_STRMU,5.226936531066893
tr|Q8DSE6|Q8DSE6_STRMU,9.153172874450682
tr|Q8DSE8|Q8DSE8_STRMU,4.716863441467285
tr|Q8DSF6|Q8DSF6_STRMU,9.732872581481931
tr|Q8DSF8|Q8DSF8_STRMU,8.5324068069458
tr|Q8DSF9|Q8DSF9_STRMU,4.903124809265137
tr|Q8DSG0|Q8DSG0_STRMU,9.51703243255615
tr|Q8DSG2|Q8DSG2_STRMU,5.25717487335205
tr|Q8DSG7|Q8DSG7_STRMU,8.031487464904785
tr|Q8DSG8|Q8DSG8_STRMU,6.007108497619628
tr|Q8DSG9|Q8DSG9_STRMU,11.150081062316893
tr|Q8DSH0|Q8DSH0_STRMU,5.986248588562011
tr|Q8DSH2|Q8DSH2_STRMU,4.895849418640137
tr|Q8DSH3|Q8DSH3_STRMU,9.930983924865721
tr|Q8DSH4|Q8DSH4_STRMU,5.0871694564819325
tr|Q8DSH5|Q8DSH5_STRMU,9.14795093536377
tr|Q8DSH6|Q8DSH6_STRMU,9.76613826751709
tr|Q8DSH7|Q8DSH7_STRMU,5.4648645401000975
tr|Q8DSH8|Q8DSH8_STRMU,9.697672843933105
tr|Q8DSH9|Q8DSH9_STRMU,9.1135892868042
tr|Q8DSI0|Q8DSI0_STRMU,5.586272621154785
tr|Q8DSI1|Q8DSI1_STRMU,9.69799518585205
tr|Q8DSI2|Q8DSI2_STRMU,9.3906099319458
tr|Q8DSI3|Q8DSI3_STRMU,9.49040699005127
tr|Q8DSI4|Q8DSI4_STRMU,8.908386421203613
tr|Q8DSI5|Q8DSI5_STRMU,9.2585786819458
tr|Q8DSI7|Q8DSI7_STRMU,6.08190860748291
tr|Q8DSI9|Q8DSI9_STRMU,4.728742790222167
tr|Q8DSJ0|Q8DSJ0_STRMU,4.783421897888183
tr|Q8DSJ1|Q8DSJ1_STRMU,7.867866706848145
tr|Q8DSJ3|Q8DSJ3_STRMU,8.81793727874756
sp|Q8DSJ4|Y1789_STRMU,4.505706596374512
tr|Q8DSJ5|Q8DSJ5_STRMU,5.208407020568846
tr|Q8DSJ6|Q8DSJ6_STRMU,4.445627784729004
tr|Q8DSJ8|Q8DSJ8_STRMU,9.506330680847167
tr|Q8DSK0|Q8DSK0_STRMU,4.261639976501464
tr|Q8DSK4|Q8DSK4_STRMU,4.749602699279785
tr|Q8DSK5|Q8DSK5_STRMU,4.549756813049316
tr|Q8DSK6|Q8DSK6_STRMU,8.819097709655765
tr|Q8DSK7|Q8DSK7_STRMU,4.839408302307128
tr|Q8DSK8|Q8DSK8_STRMU,8.608801841735843
tr|Q8DSK9|Q8DSK9_STRMU,4.892268562316894
tr|Q8DSL0|Q8DSL0_STRMU,5.064490699768065
tr|Q8DSL2|Q8DSL2_STRMU,5.852392768859862
tr|Q8DSL3|Q8DSL3_STRMU,6.706341743469238
tr|Q8DSL4|Q8DSL4_STRMU,4.399986076354981
tr|Q8DSL5|Q8DSL5_STRMU,8.643227958679201
tr|Q8DSL8|Q8DSL8_STRMU,5.213749885559081
tr|Q8DSL9|Q8DSL9_STRMU,7.677606391906739
tr|Q8DSM0|Q8DSM0_STRMU,5.123887443542479
tr|Q8DSM2|Q8DSM2_STRMU,9.407758522033692
tr|Q8DSM3|Q8DSM3_STRMU,9.811395072937014
tr|Q8DSM4|Q8DSM4_STRMU,7.845625114440919
tr|Q8DSM6|Q8DSM6_STRMU,8.097825431823733
tr|Q8DSM7|Q8DSM7_STRMU,8.294325065612792
tr|Q8DSM9|Q8DSM9_STRMU,5.626514625549316
tr|Q8DSN1|Q8DSN1_STRMU,9.154333305358886
tr|Q8DSN4|Q8DSN4_STRMU,5.735190773010253
tr|Q8DSP2|Q8DSP2_STRMU,5.357040977478028
tr|Q8DSP3|Q8DSP3_STRMU,8.499527931213382
tr|Q8DSP5|Q8DSP5_STRMU,4.676621437072753
tr|Q8DSQ0|Q8DSQ0_STRMU,5.96499080657959
tr|Q8DSQ1|Q8DSQ1_STRMU,10.023560523986816
tr|Q8DSQ2|Q8DSQ2_STRMU,9.271988105773925
tr|Q8DSQ3|Q8DSQ3_STRMU,5.157479286193847
sp|Q8DSQ4|Y1719_STRMU,10.197625160217285
tr|Q8DSQ7|Q8DSQ7_STRMU,5.129685020446778
tr|Q8DSQ8|Q8DSQ8_STRMU,5.531195640563964
sp|Q8DSR1|YIDD_STRMU,9.965216636657715
tr|Q8DSR2|Q8DSR2_STRMU,9.487312507629394
tr|Q8DSR3|Q8DSR3_STRMU,6.9589342117309565
tr|Q8DSR5|Q8DSR5_STRMU,9.112815666198731
tr|Q8DSR6|Q8DSR6_STRMU,6.307559394836426
tr|Q8DSR7|Q8DSR7_STRMU,9.176510429382326
tr|Q8DSR9|Q8DSR9_STRMU,9.824675559997559
tr|Q8DSS0|Q8DSS0_STRMU,6.812801170349121
tr|Q8DSS1|Q8DSS1_STRMU,9.944586753845215
tr|Q8DSS2|Q8DSS2_STRMU,6.317960929870606
tr|Q8DSS3|Q8DSS3_STRMU,6.516783714294434
tr|Q8DSS5|Q8DSS5_STRMU,6.432264137268065
tr|Q8DSS6|Q8DSS6_STRMU,9.319565773010254
tr|Q8DSS7|Q8DSS7_STRMU,5.1823747634887685
tr|Q8DSS8|Q8DSS8_STRMU,4.97917537689209
tr|Q8DSS9|Q8DSS9_STRMU,9.132929801940918
tr|Q8DST0|Q8DST0_STRMU,9.366885566711428
tr|Q8DST1|Q8DST1_STRMU,6.7588041305542
tr|Q8DST3|Q8DST3_STRMU,9.74666881561279
tr|Q8DST8|Q8DST8_STRMU,9.322015571594239
sp|Q8DST9|Y1670_STRMU,9.732743644714354
tr|Q8DSU0|Q8DSU0_STRMU,9.023720359802244
tr|Q8DSU2|Q8DSU2_STRMU,9.497047233581544
tr|Q8DSU4|Q8DSU4_STRMU,5.8357957839965815
tr|Q8DSU5|Q8DSU5_STRMU,6.650923728942872
tr|Q8DSU7|Q8DSU7_STRMU,5.234893989562988
tr|Q8DSU8|Q8DSU8_STRMU,5.377446174621583
sp|Q8DSU9|YABA_STRMU,4.640699195861816
tr|Q8DSV2|Q8DSV2_STRMU,6.588173484802247
tr|Q8DSV4|Q8DSV4_STRMU,5.595821571350096
tr|Q8DSV5|Q8DSV5_STRMU,4.928816032409666
tr|Q8DSV8|Q8DSV8_STRMU,5.821188163757324
tr|Q8DSW0|Q8DSW0_STRMU,9.815134239196777
tr|Q8DSW1|Q8DSW1_STRMU,5.256606483459472
tr|Q8DSW2|Q8DSW2_STRMU,9.975531578063965
tr|Q8DSW3|Q8DSW3_STRMU,6.706398582458497
tr|Q8DSW4|Q8DSW4_STRMU,9.742027091979981
tr|Q8DSW5|Q8DSW5_STRMU,9.30054759979248
tr|Q8DSW6|Q8DSW6_STRMU,6.6031789779663095
tr|Q8DSW7|Q8DSW7_STRMU,7.9284669876098635
tr|Q8DSW9|Q8DSW9_STRMU,10.286398124694824
tr|Q8DSX0|Q8DSX0_STRMU,6.700487327575684
tr|Q8DSX1|Q8DSX1_STRMU,5.20545139312744
tr|Q8DSX3|Q8DSX3_STRMU,4.846911048889159
tr|Q8DSX4|Q8DSX4_STRMU,4.660422325134278
tr|Q8DSX8|Q8DSX8_STRMU,11.053314018249512
tr|Q8DSY3|Q8DSY3_STRMU,8.986135292053223
sp|Q8DSY5|Y1621_STRMU,5.151965904235838
tr|Q8DSY6|Q8DSY6_STRMU,5.559558296203612
tr|Q8DSY8|Q8DSY8_STRMU,4.72192211151123
tr|Q8DSY9|Q8DSY9_STRMU,4.475695610046387
tr|Q8DSZ1|Q8DSZ1_STRMU,5.059034156799315
tr|Q8DSZ2|Q8DSZ2_STRMU,10.02626819610596
tr|Q8DSZ6|Q8DSZ6_STRMU,9.779096412658689
tr|Q8DSZ7|Q8DSZ7_STRMU,5.498399543762206
tr|Q8DSZ9|Q8DSZ9_STRMU,8.427774620056152
tr|Q8DT01|Q8DT01_STRMU,6.239750480651855
tr|Q8DT02|Q8DT02_STRMU,5.8922937393188475
tr|Q8DT04|Q8DT04_STRMU,9.820420646667479
tr|Q8DT06|Q8DT06_STRMU,9.513293266296387
tr|Q8DT07|Q8DT07_STRMU,5.07011775970459
tr|Q8DT09|Q8DT09_STRMU,7.233637046813965
tr|Q8DT10|Q8DT10_STRMU,9.177993202209475
tr|Q8DT11|Q8DT11_STRMU,5.23978214263916
tr|Q8DT13|Q8DT13_STRMU,5.247398567199705
tr|Q8DT14|Q8DT14_STRMU,5.486463356018065
tr|Q8DT15|Q8DT15_STRMU,4.6970834732055655
tr|Q8DT17|Q8DT17_STRMU,9.89874973297119
tr|Q8DT19|Q8DT19_STRMU,4.7885942459106445
tr|Q8DT20|Q8DT20_STRMU,5.3885297775268555
tr|Q8DT21|Q8DT21_STRMU,4.54316349029541
tr|Q8DT22|Q8DT22_STRMU,5.424736213684081
tr|Q8DT25|Q8DT25_STRMU,6.047748374938965
tr|Q8DT26|Q8DT26_STRMU,9.643132591247557
tr|Q8DT28|Q8DT28_STRMU,9.157363319396975
tr|Q8DT29|Q8DT29_STRMU,9.299193763732909
tr|Q8DT32|Q8DT32_STRMU,5.0966615676879865
tr|Q8DT33|Q8DT33_STRMU,5.80623950958252
tr|Q8DT34|Q8DT34_STRMU,5.867568778991698
tr|Q8DT35|Q8DT35_STRMU,8.661085700988771
tr|Q8DT36|Q8DT36_STRMU,8.532600212097169
tr|Q8DT37|Q8DT37_STRMU,7.8659971237182615
tr|Q8DT39|Q8DT39_STRMU,9.600132179260253
tr|Q8DT40|Q8DT40_STRMU,6.014611244201659
tr|Q8DT41|Q8DT41_STRMU,9.301514625549316
tr|Q8DT42|Q8DT42_STRMU,6.422772026062011
tr|Q8DT43|Q8DT43_STRMU,5.537220573425292
tr|Q8DT44|Q8DT44_STRMU,9.59961643218994
tr|Q8DT46|Q8DT46_STRMU,4.6874208450317365
tr|Q8DT47|Q8DT47_STRMU,10.207295417785645
tr|Q8DT48|Q8DT48_STRMU,8.664502525329592
tr|Q8DT54|Q8DT54_STRMU,5.725926017761232
tr|Q8DT56|Q8DT56_STRMU,9.397636985778806
tr|Q8DT58|Q8DT58_STRMU,9.428839683532715
tr|Q8DT59|Q8DT59_STRMU,9.208099937438963
tr|Q8DT60|Q8DT60_STRMU,9.732743644714354
tr|Q8DT61|Q8DT61_STRMU,9.05556774139404
tr|Q8DT62|Q8DT62_STRMU,9.64364833831787
tr|Q8DT63|Q8DT63_STRMU,5.850403404235839
tr|Q8DT65|Q8DT65_STRMU,5.741386222839356
tr|Q8DT67|Q8DT67_STRMU,5.144576835632324
tr|Q8DT68|Q8DT68_STRMU,7.700171470642091
tr|Q8DT69|Q8DT69_STRMU,7.088129234313963
tr|Q8DT70|Q8DT70_STRMU,4.652635383605957
tr|Q8DT71|Q8DT71_STRMU,9.431547355651855
tr|Q8DT72|Q8DT72_STRMU,4.7668249130249025
tr|Q8DT73|Q8DT73_STRMU,6.110043907165527
tr|Q8DT74|Q8DT74_STRMU,7.769515037536622
tr|Q8DT77|Q8DT77_STRMU,6.091514396667479
tr|Q8DT78|Q8DT78_STRMU,6.267828941345214
tr|Q8DT79|Q8DT79_STRMU,4.896076774597168
tr|Q8DT81|Q8DT81_STRMU,5.054884910583495
tr|Q8DT82|Q8DT82_STRMU,7.220507240295411
tr|Q8DT83|Q8DT83_STRMU,9.13215618133545
tr|Q8DT84|Q8DT84_STRMU,8.743282890319826
tr|Q8DT85|Q8DT85_STRMU,9.813200187683105
tr|Q8DT86|Q8DT86_STRMU,11.068786430358884
tr|Q8DT89|Q8DT89_STRMU,4.657523536682128
tr|Q8DT91|Q8DT91_STRMU,6.850996971130371
tr|Q8DT92|Q8DT92_STRMU,4.784842872619628
tr|Q8DT93|Q8DT93_STRMU,7.609683799743654
tr|Q8DT94|Q8DT94_STRMU,8.378456306457519
tr|Q8DT97|Q8DT97_STRMU,4.656386756896972
tr|Q8DT98|Q8DT98_STRMU,6.019158363342284
tr|Q8DT99|Q8DT99_STRMU,5.4933977127075195
tr|Q8DTA0|Q8DTA0_STRMU,8.61589336395264
tr|Q8DTA2|Q8DTA2_STRMU,5.66175479888916
tr|Q8DTA3|Q8DTA3_STRMU,10.165777778625486
tr|Q8DTA4|Q8DTA4_STRMU,9.56596393585205
tr|Q8DTA5|Q8DTA5_STRMU,4.307622718811037
tr|Q8DTA8|Q8DTA8_STRMU,9.77007083892822
tr|Q8DTB0|Q8DTB0_STRMU,9.500915336608887
tr|Q8DTB1|Q8DTB1_STRMU,9.133445549011231
tr|Q8DTB2|Q8DTB2_STRMU,5.710863685607911
tr|Q8DTB4|Q8DTB4_STRMU,5.911334800720215
tr|Q8DTB5|Q8DTB5_STRMU,9.879796028137207
tr|Q8DTB6|Q8DTB6_STRMU,5.947086524963378
tr|Q8DTB8|Q8DTB8_STRMU,6.663996696472169
tr|Q8DTB9|Q8DTB9_STRMU,4.232879447937012
tr|Q8DTC0|Q8DTC0_STRMU,9.105595207214353
tr|Q8DTC1|Q8DTC1_STRMU,4.994237709045408
tr|Q8DTC5|Q8DTC5_STRMU,8.644517326354983
tr|Q8DTC9|Q8DTC9_STRMU,4.765631294250488
tr|Q8DTD1|Q8DTD1_STRMU,9.060402870178223
tr|Q8DTD2|Q8DTD2_STRMU,9.077551460266115
tr|Q8DTD4|Q8DTD4_STRMU,5.700973701477051
tr|Q8DTD5|Q8DTD5_STRMU,4.855436897277832
tr|Q8DTD6|Q8DTD6_STRMU,5.156171989440916
tr|Q8DTD7|Q8DTD7_STRMU,7.756442070007325
tr|Q8DTD8|Q8DTD8_STRMU,9.326786231994632
tr|Q8DTD9|Q8DTD9_STRMU,9.58504657745361
tr|Q8DTE0|Q8DTE0_STRMU,6.774605369567872
tr|Q8DTE1|Q8DTE1_STRMU,6.168076515197753
tr|Q8DTE2|Q8DTE2_STRMU,4.759435844421386
tr|Q8DTE6|Q8DTE6_STRMU,4.609494590759277
tr|Q8DTE7|Q8DTE7_STRMU,4.840374565124511
tr|Q8DTE8|Q8DTE8_STRMU,11.575314521789554
tr|Q8DTE9|Q8DTE9_STRMU,6.259132575988769
tr|Q8DTF0|Q8DTF0_STRMU,4.35218448638916
tr|Q8DTF1|Q8DTF1_STRMU,5.1407686233520495
tr|Q8DTF2|Q8DTF2_STRMU,4.0500284194946286
tr|Q8DTF4|Q8DTF4_STRMU,6.7506193161010755
tr|Q8DTF5|Q8DTF5_STRMU,9.113266944885254
tr|Q8DTF6|Q8DTF6_STRMU,9.09695644378662
tr|Q8DTF7|Q8DTF7_STRMU,9.81958255767822
tr|Q8DTF9|Q8DTF9_STRMU,9.710630989074708
tr|Q8DTG0|Q8DTG0_STRMU,5.908947563171386
tr|Q8DTG6|Q8DTG6_STRMU,9.66034564971924
tr|Q8DTG7|Q8DTG7_STRMU,5.449347496032714
tr|Q8DTG8|Q8DTG8_STRMU,5.487770652770995
tr|Q8DTG9|Q8DTG9_STRMU,9.30203037261963
tr|Q8DTH0|Q8DTH0_STRMU,9.693095588684084
tr|Q8DTH1|Q8DTH1_STRMU,10.19130725860596
tr|Q8DTH2|Q8DTH2_STRMU,9.119326972961428
tr|Q8DTH3|Q8DTH3_STRMU,6.504165458679199
tr|Q8DTH4|Q8DTH4_STRMU,6.691620445251465
tr|Q8DTH5|Q8DTH5_STRMU,9.521803092956542
tr|Q8DTH6|Q8DTH6_STRMU,9.660474586486817
tr|Q8DTH7|Q8DTH7_STRMU,9.126354026794434
tr|Q8DTH8|Q8DTH8_STRMU,8.94713191986084
tr|Q8DTH9|Q8DTH9_STRMU,10.708408164978025
tr|Q8DTI0|Q8DTI0_STRMU,10.092283821105958
tr|Q8DTI1|Q8DTI1_STRMU,9.987909507751464
tr|Q8DTI2|Q8DTI2_STRMU,5.257515907287597
tr|Q8DTI3|Q8DTI3_STRMU,9.54655895233154
tr|Q8DTI4|Q8DTI4_STRMU,10.121230125427243
tr|Q8DTI5|Q8DTI5_STRMU,4.96354465484619
tr|Q8DTI6|Q8DTI6_STRMU,9.301514625549316
tr|Q8DTI7|Q8DTI7_STRMU,9.960832786560058
tr|Q8DTI8|Q8DTI8_STRMU,10.58076076507568
tr|Q8DTI9|Q8DTI9_STRMU,9.097149848937988
tr|Q8DTJ0|Q8DTJ0_STRMU,9.660474586486817
tr|Q8DTJ1|Q8DTJ1_STRMU,8.115683174133299
tr|Q8DTJ2|Q8DTJ2_STRMU,5.374604225158691
tr|Q8DTJ3|Q8DTJ3_STRMU,6.382643699645995
tr|Q8DTJ4|Q8DTJ4_STRMU,5.634415245056151
tr|Q8DTJ5|Q8DTJ5_STRMU,5.283946037292479
tr|Q8DTJ6|Q8DTJ6_STRMU,5.0608530044555655
tr|Q8DTJ8|Q8DTJ8_STRMU,5.926795005798339
tr|Q8DTJ9|Q8DTJ9_STRMU,8.431707191467286
tr|Q8DTK0|Q8DTK0_STRMU,8.77932071685791
tr|Q8DTK1|Q8DTK1_STRMU,5.688753318786621
tr|Q8DTK2|Q8DTK2_STRMU,8.596746253967286
tr|Q8DTK3|Q8DTK3_STRMU,9.417493247985842
tr|Q8DTK4|Q8DTK4_STRMU,10.463815116882323
tr|Q8DTK5|Q8DTK5_STRMU,9.910676383972167
tr|Q8DTK6|Q8DTK6_STRMU,11.13383502960205
tr|Q8DTK7|Q8DTK7_STRMU,8.411399650573735
tr|Q8DTK8|Q8DTK8_STRMU,6.5210466384887695
tr|Q8DTL2|Q8DTL2_STRMU,4.875046348571778
tr|Q8DTL4|Q8DTL4_STRMU,5.2151708602905265
tr|Q8DTL5|Q8DTL5_STRMU,4.825425910949707
tr|Q8DTL6|Q8DTL6_STRMU,7.831377601623536
tr|Q8DTL7|Q8DTL7_STRMU,9.280884742736816
tr|Q8DTL8|Q8DTL8_STRMU,5.167823982238767
tr|Q8DTL9|Q8DTL9_STRMU,5.791461372375489
tr|Q8DTM3|Q8DTM3_STRMU,9.694127082824707
tr|Q8DTM4|Q8DTM4_STRMU,5.161173820495604
tr|Q8DTM5|Q8DTM5_STRMU,4.787514305114747
tr|Q8DTM6|Q8DTM6_STRMU,5.696881294250488
tr|Q8DTN1|Q8DTN1_STRMU,9.232017707824706
tr|Q8DTN2|Q8DTN2_STRMU,8.496175575256348
tr|Q8DTN3|Q8DTN3_STRMU,4.58550853729248
tr|Q8DTN4|Q8DTN4_STRMU,6.050021934509277
tr|Q8DTP0|Q8DTP0_STRMU,5.002138328552246
tr|Q8DTP1|Q8DTP1_STRMU,9.914673423767088
tr|Q8DTP2|Q8DTP2_STRMU,6.5732816696167
tr|Q8DTP3|Q8DTP3_STRMU,9.705924797058106
tr|Q8DTP4|Q8DTP4_STRMU,9.425293922424316
tr|Q8DTP6|Q8DTP6_STRMU,9.271859169006348
tr|Q8DTP7|Q8DTP7_STRMU,9.626306343078614
tr|Q8DTP8|Q8DTP8_STRMU,9.35844020843506
tr|Q8DTP9|Q8DTP9_STRMU,5.35255069732666
tr|Q8DTQ0|Q8DTQ0_STRMU,7.0573225021362305
tr|Q8DTQ1|Q8DTQ1_STRMU,8.806204032897952
tr|Q8DTR0|Q8DTR0_STRMU,8.86184024810791
tr|Q8DTR5|Q8DTR5_STRMU,9.526444816589354
tr|Q8DTR8|Q8DTR8_STRMU,6.71719799041748
tr|Q8DTR9|Q8DTR9_STRMU,6.032913398742674
tr|Q8DTS1|Q8DTS1_STRMU,5.315036964416504
tr|Q8DTS2|Q8DTS2_STRMU,9.09901943206787
tr|Q8DTS3|Q8DTS3_STRMU,5.207213401794433
tr|Q8DTS4|Q8DTS4_STRMU,6.823827934265137
tr|Q8DTS5|Q8DTS5_STRMU,4.865099525451659
tr|Q8DTS6|Q8DTS6_STRMU,6.07412166595459
tr|Q8DTS7|Q8DTS7_STRMU,5.28991413116455
tr|Q8DTS8|Q8DTS8_STRMU,9.448309135437015
tr|Q8DTT0|Q8DTT0_STRMU,6.576407814025879
tr|Q8DTT1|Q8DTT1_STRMU,6.587207221984863
tr|Q8DTT2|Q8DTT2_STRMU,8.512808418273927
tr|Q8DTT3|Q8DTT3_STRMU,5.3362947463989245
tr|Q8DTT4|Q8DTT4_STRMU,4.989861106872558
tr|Q8DTT5|Q8DTT5_STRMU,9.203973960876464
tr|Q8DTT6|Q8DTT6_STRMU,5.495330238342285
tr|Q8DTT7|Q8DTT7_STRMU,5.98863582611084
tr|Q8DTU1|Q8DTU1_STRMU,8.977689933776855
tr|Q8DTU2|Q8DTU2_STRMU,9.033648490905762
tr|Q8DTU3|Q8DTU3_STRMU,9.03442211151123
tr|Q8DTU5|Q8DTU5_STRMU,5.043460273742675
tr|Q8DTU7|Q8DTU7_STRMU,4.894598960876464
tr|Q8DTU8|Q8DTU8_STRMU,5.311001396179199
tr|Q8DTV3|Q8DTV3_STRMU,5.184250450134276
tr|Q8DTV4|Q8DTV4_STRMU,8.860550880432129
tr|Q8DTV5|Q8DTV5_STRMU,7.741436576843263
tr|Q8DTV6|Q8DTV6_STRMU,9.64513111114502
tr|Q8DTV7|Q8DTV7_STRMU,8.758884239196778
tr|Q8DTW1|Q8DTW1_STRMU,5.48868007659912
tr|Q8DTW2|Q8DTW2_STRMU,8.374201393127443
tr|Q8DTW4|Q8DTW4_STRMU,7.02537899017334
tr|Q8DTW5|Q8DTW5_STRMU,6.544521141052246
tr|Q8DTW8|Q8DTW8_STRMU,5.006287574768066
tr|Q8DTX0|Q8DTX0_STRMU,9.599229621887208
tr|Q8DTX1|Q8DTX1_STRMU,8.669982337951662
tr|Q8DTX2|Q8DTX2_STRMU,9.579244422912598
tr|Q8DTX3|Q8DTX3_STRMU,5.991477775573729
tr|Q8DTX4|Q8DTX4_STRMU,6.128971290588378
tr|Q8DTX8|Q8DTX8_STRMU,7.975980186462403
tr|Q8DTY2|Q8DTY2_STRMU,9.441991233825682
tr|Q8DTY3|Q8DTY3_STRMU,6.309776115417481
tr|Q8DTY4|Q8DTY4_STRMU,9.703732872009276
tr|Q8DTY5|Q8DTY5_STRMU,6.537814140319825
tr|Q8DTY8|Q8DTY8_STRMU,4.64268856048584
tr|Q8DTY9|Q8DTY9_STRMU,5.261153602600097
tr|Q8DTZ0|Q8DTZ0_STRMU,9.802756309509277
tr|Q8DTZ1|Q8DTZ1_STRMU,9.650417518615722
tr|Q8DTZ2|Q8DTZ2_STRMU,8.650641822814944
tr|Q8DTZ3|Q8DTZ3_STRMU,5.311967658996582
tr|Q8DTZ4|Q8DTZ4_STRMU,9.776582145690917
tr|Q8DTZ5|Q8DTZ5_STRMU,5.583260154724121
tr|Q8DTZ6|Q8DTZ6_STRMU,5.453212547302246
tr|Q8DTZ7|Q8DTZ7_STRMU,5.996024894714354
tr|Q8DTZ8|Q8DTZ8_STRMU,5.341182899475096
tr|Q8DTZ9|Q8DTZ9_STRMU,5.478164863586425
tr|Q8DU00|Q8DU00_STRMU,4.602276039123535
tr|Q8DU01|Q8DU01_STRMU,5.242851448059081
tr|Q8DU02|Q8DU02_STRMU,4.960077476501463
tr|Q8DU03|Q8DU03_STRMU,6.425500297546387
tr|Q8DU04|Q8DU04_STRMU,11.29951877593994
tr|Q8DU05|Q8DU05_STRMU,4.9435941696166985
tr|Q8DU06|Q8DU06_STRMU,9.18102321624756
tr|Q8DU07|Q8DU07_STRMU,5.785265922546387
tr|Q8DU08|Q8DU08_STRMU,4.841909217834471
tr|Q8DU09|Q8DU09_STRMU,10.010602378845213
tr|Q8DU10|Q8DU10_STRMU,9.466360282897952
tr|Q8DU11|Q8DU11_STRMU,5.128832435607909
tr|Q8DU12|Q8DU12_STRMU,6.214968681335448
tr|Q8DU13|Q8DU13_STRMU,6.6486501693725595
tr|Q8DU18|Q8DU18_STRMU,5.2785463333129865
tr|Q8DU27|Q8DU27_STRMU,9.20764865875244
tr|Q8DU32|Q8DU32_STRMU,6.1003244400024395
tr|Q8DU36|Q8DU36_STRMU,9.36546726226807
tr|Q8DU37|Q8DU37_STRMU,5.775830650329589
tr|Q8DU38|Q8DU38_STRMU,9.395896339416506
tr|Q8DU39|Q8DU39_STRMU,9.521480751037597
tr|Q8DU40|Q8DU40_STRMU,9.593234062194824
tr|Q8DU42|Q8DU42_STRMU,5.368806648254394
tr|Q8DU43|Q8DU43_STRMU,6.769319343566894
tr|Q8DU44|Q8DU44_STRMU,9.487054634094239
tr|Q8DU45|Q8DU45_STRMU,6.5421339035034185
tr|Q8DU46|Q8DU46_STRMU,6.286528968811036
tr|Q8DU47|Q8DU47_STRMU,6.302330207824707
tr|Q8DU48|Q8DU48_STRMU,5.6389055252075195
tr|Q8DU49|Q8DU49_STRMU,9.236981773376463
tr|Q8DU50|Q8DU50_STRMU,5.2235830307006825
tr|Q8DU51|Q8DU51_STRMU,9.652416038513184
tr|Q8DU52|Q8DU52_STRMU,6.542190742492676
tr|Q8DU53|Q8DU53_STRMU,9.521803092956542
tr|Q8DU54|Q8DU54_STRMU,6.196382331848144
tr|Q8DU56|Q8DU56_STRMU,5.852733802795409
tr|Q8DU57|Q8DU57_STRMU,9.996290397644042
tr|Q8DU59|Q8DU59_STRMU,4.837475776672362
tr|Q8DU60|Q8DU60_STRMU,5.421780586242675
tr|Q8DU68|Q8DU68_STRMU,5.221025276184081
tr|Q8DU69|Q8DU69_STRMU,9.396798896789551
tr|Q8DU70|Q8DU70_STRMU,9.227311515808104
tr|Q8DU71|Q8DU71_STRMU,9.059371376037596
tr|Q8DU73|Q8DU73_STRMU,10.293618583679198
tr|Q8DU74|Q8DU74_STRMU,8.557485008239748
tr|Q8DU75|Q8DU75_STRMU,6.223835563659668
tr|Q8DU76|Q8DU76_STRMU,9.73164768218994
tr|Q8DU77|Q8DU77_STRMU,9.343483543395994
tr|Q8DU78|Q8DU78_STRMU,8.904776191711427
tr|Q8DU79|Q8DU79_STRMU,8.097760963439942
tr|Q8DU80|Q8DU80_STRMU,8.805172538757326
tr|Q8DU82|Q8DU82_STRMU,9.219252967834471
tr|Q8DU83|Q8DU83_STRMU,9.39550952911377
tr|Q8DU86|Q8DU86_STRMU,9.921571540832517
tr|Q8DU87|Q8DU87_STRMU,9.33574733734131
tr|Q8DU88|Q8DU88_STRMU,10.277243614196774
tr|Q8DU89|Q8DU89_STRMU,6.610909080505372
tr|Q8DU90|Q8DU90_STRMU,4.560897254943849
tr|Q8DU92|Q8DU92_STRMU,9.162069511413574
tr|Q8DU93|Q8DU93_STRMU,6.097084617614745
tr|Q8DU95|Q8DU95_STRMU,9.142986869812013
tr|Q8DU96|Q8DU96_STRMU,4.957690238952636
tr|Q8DU97|Q8DU97_STRMU,6.4703462600708
tr|Q8DUA1|Q8DUA1_STRMU,9.836666679382322
tr|Q8DUA2|Q8DUA2_STRMU,4.903465843200683
tr|Q8DUA3|Q8DUA3_STRMU,9.041255760192868
tr|Q8DUA4|Q8DUA4_STRMU,6.600848579406739
tr|Q8DUA5|Q8DUA5_STRMU,5.263199806213378
tr|Q8DUA6|Q8DUA6_STRMU,7.8589056015014656
tr|Q8DUA7|Q8DUA7_STRMU,9.325174522399902
tr|Q8DUA8|Q8DUA8_STRMU,7.814357948303223
tr|Q8DUB0|Q8DUB0_STRMU,9.27656536102295
tr|Q8DUB1|Q8DUB1_STRMU,9.154204368591309
tr|Q8DUB2|Q8DUB2_STRMU,9.912030220031735
tr|Q8DUB3|Q8DUB3_STRMU,4.443297386169434
tr|Q8DUB4|Q8DUB4_STRMU,9.27173023223877
tr|Q8DUB5|Q8DUB5_STRMU,6.977236366271973
tr|Q8DUB6|Q8DUB6_STRMU,9.95180721282959
tr|Q8DUB7|Q8DUB7_STRMU,8.744314384460449
tr|Q8DUB9|Q8DUB9_STRMU,5.065286445617674
tr|Q8DUC0|Q8DUC0_STRMU,9.254130363464352
tr|Q8DUC4|Q8DUC4_STRMU,4.136935234069824
tr|Q8DUC5|Q8DUC5_STRMU,9.059049034118651
tr|Q8DUC6|Q8DUC6_STRMU,9.45888195037842
tr|Q8DUC7|Q8DUC7_STRMU,9.036807441711428
tr|Q8DUC8|Q8DUC8_STRMU,6.464207649230956
tr|Q8DUD1|Q8DUD1_STRMU,5.3470373153686515
tr|Q8DUD2|Q8DUD2_STRMU,8.65167331695557
tr|Q8DUD4|Q8DUD4_STRMU,8.957833671569826
tr|Q8DUD5|Q8DUD5_STRMU,6.705318641662598
tr|Q8DUD6|Q8DUD6_STRMU,9.609931373596194
tr|Q8DUD7|Q8DUD7_STRMU,9.73977069854736
tr|Q8DUD8|Q8DUD8_STRMU,8.590170478820802
tr|Q8DUD9|Q8DUD9_STRMU,9.25013332366943
tr|Q8DUE0|Q8DUE0_STRMU,9.465715599060061
tr|Q8DUE3|Q8DUE3_STRMU,9.45256404876709
tr|Q8DUE4|Q8DUE4_STRMU,5.448608589172363
tr|Q8DUE6|Q8DUE6_STRMU,9.407629585266115
tr|Q8DUE7|Q8DUE7_STRMU,4.901135444641112
tr|Q8DUE8|Q8DUE8_STRMU,5.041641426086425
tr|Q8DUE9|Q8DUE9_STRMU,8.625563621520996
tr|Q8DUF0|Q8DUF0_STRMU,9.682264900207517
tr|Q8DUF1|Q8DUF1_STRMU,9.40853214263916
tr|Q8DUF3|Q8DUF3_STRMU,5.048234748840332
tr|Q8DUF4|Q8DUF4_STRMU,9.038225746154787
tr|Q8DUF5|Q8DUF5_STRMU,6.409983253479004
tr|Q8DUF6|Q8DUF6_STRMU,9.600003242492676
tr|Q8DUG7|Q8DUG7_STRMU,5.1187150955200185
tr|Q8DUG8|Q8DUG8_STRMU,5.068753623962402
tr|Q8DUH0|Q8DUH0_STRMU,10.90323162078857
tr|Q8DUH1|Q8DUH1_STRMU,10.342807960510253
tr|Q8DUH4|Q8DUH4_STRMU,9.58878574371338
tr|Q8DUH5|Q8DUH5_STRMU,6.079635047912597
tr|Q8DUH6|Q8DUH6_STRMU,6.335296821594238
tr|Q8DUH7|Q8DUH7_STRMU,4.766029167175293
tr|Q8DUH8|Q8DUH8_STRMU,9.001091957092285
tr|Q8DUI1|Q8DUI1_STRMU,9.69612560272217
tr|Q8DUI3|Q8DUI3_STRMU,8.853201484680177
tr|Q8DUI5|Q8DUI5_STRMU,6.1421010971069325
tr|Q8DUI7|Q8DUI7_STRMU,8.928307151794435
tr|Q8DUI8|Q8DUI8_STRMU,9.435995674133299
tr|Q8DUJ0|Q8DUJ0_STRMU,7.54403476715088
tr|Q8DUJ2|Q8DUJ2_STRMU,5.90417308807373
tr|Q8DUJ3|Q8DUJ3_STRMU,9.438445472717284
tr|Q8DUJ4|Q8DUJ4_STRMU,7.833569526672364
tr|Q8DUJ5|Q8DUJ5_STRMU,9.388675880432128
tr|Q8DUJ6|Q8DUJ6_STRMU,5.175951957702636
tr|Q8DUJ7|Q8DUJ7_STRMU,7.7296140670776365
tr|Q8DUJ8|Q8DUJ8_STRMU,5.105698966979979
tr|Q8DUK0|Q8DUK0_STRMU,5.037264823913574
tr|Q8DUK1|Q8DUK1_STRMU,6.957740592956543
tr|Q8DUK2|Q8DUK2_STRMU,9.848786735534667
tr|Q8DUK4|Q8DUK4_STRMU,5.757471656799316
tr|Q8DUK5|Q8DUK5_STRMU,9.171739768981933
tr|Q8DUK6|Q8DUK6_STRMU,9.775099372863767
tr|Q8DUL1|Q8DUL1_STRMU,10.353767585754394
tr|Q8DUL3|Q8DUL3_STRMU,10.887694740295409
tr|Q8DUL4|Q8DUL4_STRMU,9.696254539489747
tr|Q8DUL5|Q8DUL5_STRMU,6.44073314666748
tr|Q8DUL6|Q8DUL6_STRMU,9.068977165222169
tr|Q8DUL7|Q8DUL7_STRMU,5.10751781463623
tr|Q8DUM0|Q8DUM0_STRMU,5.128605079650878
tr|Q8DUM1|Q8DUM1_STRMU,4.399588203430175
tr|Q8DUM3|Q8DUM3_STRMU,9.560870933532716
tr|Q8DUM4|Q8DUM4_STRMU,4.699186515808105
tr|Q8DUM5|Q8DUM5_STRMU,5.130367088317871
tr|Q8DUM6|Q8DUM6_STRMU,8.390060615539554
tr|Q8DUM8|Q8DUM8_STRMU,10.194079399108887
tr|Q8DUM9|Q8DUM9_STRMU,9.70283031463623
tr|Q8DUN0|Q8DUN0_STRMU,6.151934242248534
tr|Q8DUN1|Q8DUN1_STRMU,9.363017463684084
tr|Q8DUN3|Q8DUN3_STRMU,5.4385480880737305
tr|Q8DUN4|Q8DUN4_STRMU,5.935036659240722
tr|Q8DUP0|Q8DUP0_STRMU,9.465264320373539
tr|Q8DUP1|Q8DUP1_STRMU,6.107827186584472
tr|Q8DUP2|Q8DUP2_STRMU,9.275147056579591
tr|Q8DUP6|Q8DUP6_STRMU,8.741735649108886
tr|Q8DUP8|Q8DUP8_STRMU,9.729004478454591
tr|Q8DUQ1|Q8DUQ1_STRMU,5.531422996520996
tr|Q8DUQ3|Q8DUQ3_STRMU,6.537814140319825
tr|Q8DUQ5|Q8DUQ5_STRMU,4.365371131896972
tr|Q8DUQ7|Q8DUQ7_STRMU,5.100071907043456
tr|Q8DUQ9|Q8DUQ9_STRMU,9.51587200164795
tr|Q8DUR0|Q8DUR0_STRMU,5.868648719787596
tr|Q8DUR2|Q8DUR2_STRMU,8.803818702697757
tr|Q8DUR3|Q8DUR3_STRMU,9.644808769226074
tr|Q8DUR6|Q8DUR6_STRMU,5.344081687927246
tr|Q8DUR7|Q8DUR7_STRMU,6.275786399841309
tr|Q8DUR8|Q8DUR8_STRMU,9.408338737487792
tr|Q8DUR9|Q8DUR9_STRMU,8.897168922424317
tr|Q8DUS0|Q8DUS0_STRMU,9.438961219787597
tr|Q8DUS1|Q8DUS1_STRMU,6.184105110168456
tr|Q8DUS2|Q8DUS2_STRMU,5.505390739440917
tr|Q8DUS3|Q8DUS3_STRMU,8.78905544281006
tr|Q8DUS4|Q8DUS4_STRMU,8.367690086364746
tr|Q8DUS7|Q8DUS7_STRMU,9.066398429870606
tr|Q8DUS9|Q8DUS9_STRMU,9.11694164276123
tr|Q8DUT0|Q8DUT0_STRMU,5.075233268737792
tr|Q8DUT1|Q8DUT1_STRMU,9.666921424865723
tr|Q8DUT2|Q8DUT2_STRMU,5.042209815979004
tr|Q8DUT3|Q8DUT3_STRMU,4.8442964553833
tr|Q8DUT4|Q8DUT4_STRMU,8.160811042785646
tr|Q8DUT5|Q8DUT5_STRMU,9.229632377624512
tr|Q8DUT6|Q8DUT6_STRMU,9.797018623352049
tr|Q8DUT8|Q8DUT8_STRMU,4.9375123977661115
tr|Q8DUT9|Q8DUT9_STRMU,6.014213371276854
tr|Q8DUU0|Q8DUU0_STRMU,7.259498786926271
tr|Q8DUU1|Q8DUU1_STRMU,9.003348350524902
tr|Q8DUU3|Q8DUU3_STRMU,9.942330360412598
tr|Q8DUU4|Q8DUU4_STRMU,6.043826484680175
tr|Q8DUU5|Q8DUU5_STRMU,8.34403018951416
tr|Q8DUU6|Q8DUU6_STRMU,7.796048927307129
tr|Q8DUU7|Q8DUU7_STRMU,5.462932014465332
tr|Q8DUU8|Q8DUU8_STRMU,6.36303424835205
tr|Q8DUU9|Q8DUU9_STRMU,4.644280052185059
tr|Q8DUV0|Q8DUV0_STRMU,5.905366706848144
tr|Q8DUV1|Q8DUV1_STRMU,9.457012367248538
tr|Q8DUV2|Q8DUV2_STRMU,9.345675468444824
tr|Q8DUV3|Q8DUV3_STRMU,10.235274696350096
sp|Q8DUV9|Y782_STRMU,4.554474449157715
tr|Q8DUW5|Q8DUW5_STRMU,9.185858345031736
tr|Q8DUW7|Q8DUW7_STRMU,5.361872291564941
tr|Q8DUW9|Q8DUW9_STRMU,5.915086174011231
tr|Q8DUX0|Q8DUX0_STRMU,10.11536350250244
tr|Q8DUX2|Q8DUX2_STRMU,5.069549369812011
tr|Q8DUX3|Q8DUX3_STRMU,9.734033012390135
tr|Q8DUX4|Q8DUX4_STRMU,5.321516609191894
tr|Q8DUX5|Q8DUX5_STRMU,5.41308422088623
tr|Q8DUX6|Q8DUX6_STRMU,5.257743263244628
tr|Q8DUX7|Q8DUX7_STRMU,7.804043006896974
tr|Q8DUX8|Q8DUX8_STRMU,8.866159629821777
tr|Q8DUY0|Q8DUY0_STRMU,5.79089298248291
tr|Q8DUY1|Q8DUY1_STRMU,6.49529857635498
tr|Q8DUY2|Q8DUY2_STRMU,11.21964244842529
tr|Q8DUY5|Q8DUY5_STRMU,9.913126182556148
tr|Q8DUY6|Q8DUY6_STRMU,4.841738700866698
tr|Q8DUY7|Q8DUY7_STRMU,5.098253059387206
tr|Q8DUY8|Q8DUY8_STRMU,9.289072227478027
tr|Q8DUY9|Q8DUY9_STRMU,9.532118034362792
tr|Q8DUZ0|Q8DUZ0_STRMU,10.020272636413573
tr|Q8DUZ1|Q8DUZ1_STRMU,5.446278190612793
tr|Q8DUZ2|Q8DUZ2_STRMU,5.806296348571778
tr|Q8DUZ3|Q8DUZ3_STRMU,9.436446952819825
tr|Q8DUZ4|Q8DUZ4_STRMU,8.32223987579346
tr|Q8DUZ5|Q8DUZ5_STRMU,6.089013481140136
tr|Q8DUZ6|Q8DUZ6_STRMU,6.583683204650879
tr|Q8DUZ7|Q8DUZ7_STRMU,6.006255912780761
tr|Q8DUZ8|Q8DUZ8_STRMU,7.733422279357909
tr|Q8DUZ9|Q8DUZ9_STRMU,6.589196586608887
tr|Q8DV00|Q8DV00_STRMU,9.400602531433105
tr|Q8DV01|Q8DV01_STRMU,5.194140434265136
tr|Q8DV02|Q8DV02_STRMU,9.91944408416748
tr|Q8DV03|Q8DV03_STRMU,6.192233085632325
tr|Q8DV04|Q8DV04_STRMU,9.822677040100096
tr|Q8DV05|Q8DV05_STRMU,6.291758155822754
tr|Q8DV06|Q8DV06_STRMU,5.28030834197998
tr|Q8DV07|Q8DV07_STRMU,9.198623085021975
tr|Q8DV11|Q8DV11_STRMU,9.561580085754393
tr|Q8DV12|Q8DV12_STRMU,9.624630165100097
tr|Q8DV13|Q8DV13_STRMU,9.233371543884278
tr|Q8DV14|Q8DV14_STRMU,9.697801780700683
tr|Q8DV15|Q8DV15_STRMU,9.510327720642092
tr|Q8DV16|Q8DV16_STRMU,9.071942710876463
tr|Q8DV17|Q8DV17_STRMU,9.613928413391115
tr|Q8DV18|Q8DV18_STRMU,8.882083320617678
tr|Q8DV19|Q8DV19_STRMU,9.424713706970216
tr|Q8DV24|Q8DV24_STRMU,4.650191307067872
tr|Q8DV25|Q8DV25_STRMU,5.033001899719238
tr|Q8DV26|Q8DV26_STRMU,9.686068534851074
tr|Q8DV27|Q8DV27_STRMU,8.544526863098145
tr|Q8DV29|Q8DV29_STRMU,8.738318824768069
tr|Q8DV30|Q8DV30_STRMU,8.163325309753418
tr|Q8DV31|Q8DV31_STRMU,4.560215187072754
tr|Q8DV32|Q8DV32_STRMU,5.595253181457519
tr|Q8DV33|Q8DV33_STRMU,5.084384346008299
tr|Q8DV34|Q8DV34_STRMU,5.39984073638916
tr|Q8DV35|Q8DV35_STRMU,6.694689750671387
tr|Q8DV36|Q8DV36_STRMU,6.395205116271973
tr|Q8DV37|Q8DV37_STRMU,5.189024925231932
tr|Q8DV38|Q8DV38_STRMU,5.01657543182373
tr|Q8DV39|Q8DV39_STRMU,4.940922737121581
tr|Q8DV40|Q8DV40_STRMU,9.582596778869629
tr|Q8DV41|Q8DV41_STRMU,5.732860374450684
tr|Q8DV46|Q8DV46_STRMU,9.562482643127442
tr|Q8DV47|Q8DV47_STRMU,9.663246726989748
tr|Q8DV49|Q8DV49_STRMU,6.1290281295776365
tr|Q8DV50|Q8DV50_STRMU,9.622051429748534
tr|Q8DV51|Q8DV51_STRMU,5.913551521301269
tr|Q8DV52|Q8DV52_STRMU,9.455722999572757
tr|Q8DV53|Q8DV53_STRMU,8.661085700988771
tr|Q8DV54|Q8DV54_STRMU,6.665360832214356
tr|Q8DV55|Q8DV55_STRMU,9.765493583679199
tr|Q8DV56|Q8DV56_STRMU,6.323246955871583
tr|Q8DV57|Q8DV57_STRMU,9.173802757263182
tr|Q8DV58|Q8DV58_STRMU,6.833320045471192
tr|Q8DV60|Q8DV60_STRMU,6.112601661682128
tr|Q8DV61|Q8DV61_STRMU,4.974003028869628
tr|Q8DV62|Q8DV62_STRMU,8.888981437683107
tr|Q8DV63|Q8DV63_STRMU,5.808342552185059
tr|Q8DV64|Q8DV64_STRMU,5.163049507141111
tr|Q8DV65|Q8DV65_STRMU,8.924890327453614
tr|Q8DV66|Q8DV66_STRMU,8.834892463684085
tr|Q8DV67|Q8DV67_STRMU,4.750114250183105
tr|Q8DV68|Q8DV68_STRMU,8.910965156555175
tr|Q8DV69|Q8DV69_STRMU,11.221447563171385
tr|Q8DV73|Q8DV73_STRMU,9.03384189605713
tr|Q8DV74|Q8DV74_STRMU,9.733452796936035
tr|Q8DV75|Q8DV75_STRMU,9.246136283874513
tr|Q8DV77|Q8DV77_STRMU,6.084409523010252
tr|Q8DV78|Q8DV78_STRMU,9.262059974670407
tr|Q8DV79|Q8DV79_STRMU,9.621277809143066
tr|Q8DV80|Q8DV80_STRMU,7.743084907531738
tr|Q8DV81|Q8DV81_STRMU,9.681878089904785
tr|Q8DV83|Q8DV83_STRMU,6.994003868103028
tr|Q8DV84|Q8DV84_STRMU,9.450629997253419
tr|Q8DV85|Q8DV85_STRMU,9.184117698669432
tr|Q8DV86|Q8DV86_STRMU,9.182312583923341
tr|Q8DV87|Q8DV87_STRMU,4.0500284194946286
tr|Q8DV88|Q8DV88_STRMU,8.633815574645997
tr|Q8DV89|Q8DV89_STRMU,4.0500284194946286
tr|Q8DV92|Q8DV92_STRMU,9.628046989440918
tr|Q8DV93|Q8DV93_STRMU,5.833067512512207
tr|Q8DV94|Q8DV94_STRMU,8.495659828186035
tr|Q8DV95|Q8DV95_STRMU,8.04418773651123
tr|Q8DV97|Q8DV97_STRMU,9.381068611145018
tr|Q8DVA0|Q8DVA0_STRMU,9.000382804870608
tr|Q8DVA2|Q8DVA2_STRMU,8.008343315124513
tr|Q8DVA4|Q8DVA4_STRMU,6.443972969055174
tr|Q8DVA5|Q8DVA5_STRMU,9.95245189666748
tr|Q8DVA6|Q8DVA6_STRMU,9.69799518585205
tr|Q8DVA7|Q8DVA7_STRMU,9.67672061920166
tr|Q8DVA8|Q8DVA8_STRMU,9.786316871643066
tr|Q8DVA9|Q8DVA9_STRMU,5.8301118850708
tr|Q8DVB2|Q8DVB2_STRMU,6.4698915481567365
tr|Q8DVB3|Q8DVB3_STRMU,5.375058937072754
tr|Q8DVB8|Q8DVB8_STRMU,9.642745780944825
tr|Q8DVB9|Q8DVB9_STRMU,9.39550952911377
tr|Q8DVC2|Q8DVC2_STRMU,8.817486000061038
tr|Q8DVC4|Q8DVC4_STRMU,5.759006309509277
tr|Q8DVC5|Q8DVC5_STRMU,5.0732439041137685
tr|Q8DVC6|Q8DVC6_STRMU,9.2998384475708
tr|Q8DVC7|Q8DVC7_STRMU,9.608384132385254
tr|Q8DVC8|Q8DVC8_STRMU,4.517756462097168
tr|Q8DVD1|Q8DVD1_STRMU,4.923927879333495
tr|Q8DVD2|Q8DVD2_STRMU,9.644228553771974
tr|Q8DVD4|Q8DVD4_STRMU,4.477571296691894
tr|Q8DVD5|Q8DVD5_STRMU,9.09631175994873
tr|Q8DVD6|Q8DVD6_STRMU,9.15555820465088
tr|Q8DVE4|Q8DVE4_STRMU,10.165777778625486
tr|Q8DVE6|Q8DVE6_STRMU,9.522963523864746
tr|Q8DVE7|Q8DVE7_STRMU,10.31469974517822
tr|Q8DVE9|Q8DVE9_STRMU,7.986424064636231
tr|Q8DVF0|Q8DVF0_STRMU,4.7278902053833
tr|Q8DVF1|Q8DVF1_STRMU,8.858939170837402
tr|Q8DVF7|Q8DVF7_STRMU,5.082394981384277
tr|Q8DVF9|Q8DVF9_STRMU,8.140954780578614
tr|Q8DVG0|Q8DVG0_STRMU,6.831899070739747
tr|Q8DVG1|Q8DVG1_STRMU,9.991971015930176
tr|Q8DVG2|Q8DVG2_STRMU,4.581927680969239
tr|Q8DVG3|Q8DVG3_STRMU,4.801496696472168
tr|Q8DVG4|Q8DVG4_STRMU,7.657144355773926
tr|Q8DVG5|Q8DVG5_STRMU,6.327680397033691
tr|Q8DVG6|Q8DVG6_STRMU,8.47838230133057
tr|Q8DVG7|Q8DVG7_STRMU,9.235821342468263
tr|Q8DVG9|Q8DVG9_STRMU,9.393059730529785
tr|Q8DVH1|Q8DVH1_STRMU,9.60116367340088
tr|Q8DVH3|Q8DVH3_STRMU,8.48437786102295
tr|Q8DVH4|Q8DVH4_STRMU,6.106519889831542
tr|Q8DVH5|Q8DVH5_STRMU,5.477312278747559
tr|Q8DVH6|Q8DVH6_STRMU,4.0500284194946286
tr|Q8DVH7|Q8DVH7_STRMU,9.4100793838501
tr|Q8DVH8|Q8DVH8_STRMU,8.83850269317627
tr|Q8DVH9|Q8DVH9_STRMU,8.63703899383545
tr|Q8DVI0|Q8DVI0_STRMU,4.759890556335448
tr|Q8DVI1|Q8DVI1_STRMU,7.85039577484131
tr|Q8DVI5|Q8DVI5_STRMU,9.300805473327635
tr|Q8DVI6|Q8DVI6_STRMU,6.945577049255371
tr|Q8DVI7|Q8DVI7_STRMU,4.9692285537719725
tr|Q8DVI9|Q8DVI9_STRMU,9.011664772033694
tr|Q8DVJ1|Q8DVJ1_STRMU,8.911480903625488
tr|Q8DVJ4|Q8DVJ4_STRMU,4.8329286575317365
tr|Q8DVJ5|Q8DVJ5_STRMU,6.960696220397949
tr|Q8DVJ6|Q8DVJ6_STRMU,5.533355522155761
tr|Q8DVJ8|Q8DVJ8_STRMU,5.07813205718994
tr|Q8DVK0|Q8DVK0_STRMU,5.626457786560058
tr|Q8DVL0|Q8DVL0_STRMU,8.6343957901001
sp|Q8DVL2|Y470_STRMU,4.9189260482788075
tr|Q8DVL8|Q8DVL8_STRMU,9.520900535583493
tr|Q8DVL9|Q8DVL9_STRMU,5.834659004211425
tr|Q8DVM0|Q8DVM0_STRMU,9.369141960144042
tr|Q8DVM1|Q8DVM1_STRMU,9.69799518585205
tr|Q8DVM3|Q8DVM3_STRMU,9.23595027923584
tr|Q8DVM8|Q8DVM8_STRMU,9.901521873474117
tr|Q8DVN1|Q8DVN1_STRMU,4.634219551086425
sp|Q8DVN2|Y447_STRMU,8.007440757751464
tr|Q8DVN3|Q8DVN3_STRMU,9.624630165100097
sp|Q8DVN4|Y442_STRMU,9.256644630432127
tr|Q8DVN5|Q8DVN5_STRMU,6.586923027038575
tr|Q8DVN6|Q8DVN6_STRMU,4.366564750671387
tr|Q8DVN7|Q8DVN7_STRMU,5.679488563537597
tr|Q8DVN8|Q8DVN8_STRMU,6.869014930725098
tr|Q8DVP0|Q8DVP0_STRMU,9.720945930480958
tr|Q8DVP1|Q8DVP1_STRMU,6.825248908996582
tr|Q8DVP2|Q8DVP2_STRMU,8.798274421691897
tr|Q8DVP3|Q8DVP3_STRMU,4.891188621520995
tr|Q8DVP4|Q8DVP4_STRMU,9.516129875183104
tr|Q8DVP5|Q8DVP5_STRMU,4.669630241394043
tr|Q8DVP7|Q8DVP7_STRMU,4.0500284194946286
tr|Q8DVQ0|Q8DVQ0_STRMU,9.993066978454593
tr|Q8DVQ1|Q8DVQ1_STRMU,9.77219829559326
tr|Q8DVQ5|Q8DVQ5_STRMU,9.083418083190917
tr|Q8DVQ6|Q8DVQ6_STRMU,10.084547615051267
tr|Q8DVQ7|Q8DVQ7_STRMU,5.192889976501463
tr|Q8DVQ8|Q8DVQ8_STRMU,5.132129096984862
tr|Q8DVQ9|Q8DVQ9_STRMU,9.371398353576659
tr|Q8DVR2|Q8DVR2_STRMU,8.936430168151858
tr|Q8DVR3|Q8DVR3_STRMU,9.076455497741701
tr|Q8DVR4|Q8DVR4_STRMU,9.25864315032959
tr|Q8DVR5|Q8DVR5_STRMU,8.64516201019287
tr|Q8DVR6|Q8DVR6_STRMU,10.160813713073729
tr|Q8DVR8|Q8DVR8_STRMU,9.392608451843262
tr|Q8DVR9|Q8DVR9_STRMU,7.230510902404785
tr|Q8DVS0|Q8DVS0_STRMU,4.7993368148803714
tr|Q8DVS1|Q8DVS1_STRMU,8.961830711364748
tr|Q8DVS4|Q8DVS4_STRMU,4.846683692932127
tr|Q8DVS5|Q8DVS5_STRMU,8.987618064880369
tr|Q8DVS6|Q8DVS6_STRMU,10.274471473693847
tr|Q8DVS7|Q8DVS7_STRMU,7.785411643981934
tr|Q8DVS8|Q8DVS8_STRMU,10.37052936553955
tr|Q8DVS9|Q8DVS9_STRMU,6.4925134658813475
tr|Q8DVT2|Q8DVT2_STRMU,7.027766227722167
tr|Q8DVT3|Q8DVT3_STRMU,8.925986289978027
tr|Q8DVT4|Q8DVT4_STRMU,8.923923301696778
tr|Q8DVT5|Q8DVT5_STRMU,9.714241218566894
tr|Q8DVT6|Q8DVT6_STRMU,4.779386329650879
tr|Q8DVT7|Q8DVT7_STRMU,4.0500284194946286
tr|Q8DVT8|Q8DVT8_STRMU,9.573119926452637
tr|Q8DVT9|Q8DVT9_STRMU,6.055364799499511
tr|Q8DVU0|Q8DVU0_STRMU,9.447599983215333
tr|Q8DVU1|Q8DVU1_STRMU,6.310401344299317
tr|Q8DVU2|Q8DVU2_STRMU,4.741702079772949
tr|Q8DVU3|Q8DVU3_STRMU,5.018792152404784
tr|Q8DVU4|Q8DVU4_STRMU,9.444183158874512
tr|Q8DVU5|Q8DVU5_STRMU,8.354731941223147
tr|Q8DVV0|Q8DVV0_STRMU,9.638039588928223
tr|Q8DVV1|Q8DVV1_STRMU,9.834603691101073
tr|Q8DVV6|Q8DVV6_STRMU,9.080903816223145
tr|Q8DVV7|Q8DVV7_STRMU,5.452700996398924
tr|Q8DVV8|Q8DVV8_STRMU,5.395236778259277
tr|Q8DVW2|Q8DVW2_STRMU,9.845434379577636
tr|Q8DVW3|Q8DVW3_STRMU,6.541849708557129
tr|Q8DVW4|Q8DVW4_STRMU,5.056078529357909
tr|Q8DVW5|Q8DVW5_STRMU,9.930983924865721
tr|Q8DVW6|Q8DVW6_STRMU,4.2410074234008786
tr|Q8DVW7|Q8DVW7_STRMU,9.43193416595459
tr|Q8DVW9|Q8DVW9_STRMU,5.557909965515137
tr|Q8DVX1|Q8DVX1_STRMU,9.474805641174317
tr|Q8DVX6|Q8DVX6_STRMU,4.76949634552002
tr|Q8DVX7|Q8DVX7_STRMU,10.006347465515137
tr|Q8DVX8|Q8DVX8_STRMU,6.243956565856934
tr|Q8DVY0|Q8DVY0_STRMU,5.38165225982666
tr|Q8DVY1|Q8DVY1_STRMU,4.787116432189941
tr|Q8DVY4|Q8DVY4_STRMU,9.120745277404787
tr|Q8DVY8|Q8DVY8_STRMU,9.520771598815916
tr|Q8DVZ0|Q8DVZ0_STRMU,5.101379203796386
tr|Q8DVZ1|Q8DVZ1_STRMU,9.502204704284669
tr|Q8DVZ2|Q8DVZ2_STRMU,6.222698783874511
tr|Q8DVZ4|Q8DVZ4_STRMU,5.143326377868651
tr|Q8DVZ6|Q8DVZ6_STRMU,8.573279762268069
tr|Q8DVZ7|Q8DVZ7_STRMU,9.155816078186035
tr|Q8DVZ8|Q8DVZ8_STRMU,5.653399467468262
tr|Q8DVZ9|Q8DVZ9_STRMU,7.096370887756348
tr|Q8DW00|Q8DW00_STRMU,7.649357414245606
tr|Q8DW02|Q8DW02_STRMU,5.39540729522705
tr|Q8DW03|Q8DW03_STRMU,5.969424247741699
tr|Q8DW06|Q8DW06_STRMU,10.118586921691893
tr|Q8DW07|Q8DW07_STRMU,9.672465705871584
tr|Q8DW08|Q8DW08_STRMU,4.0500284194946286
tr|Q8DW09|Q8DW09_STRMU,4.0500284194946286
tr|Q8DW10|Q8DW10_STRMU,9.596715354919432
tr|Q8DW11|Q8DW11_STRMU,5.75320873260498
tr|Q8DW12|Q8DW12_STRMU,4.0500284194946286
tr|Q8DW13|Q8DW13_STRMU,8.588365364074708
tr|Q8DW18|Q8DW18_STRMU,9.122163581848145
tr|Q8DW20|Q8DW20_STRMU,8.916509437561036
tr|Q8DW21|Q8DW21_STRMU,4.945413017272949
tr|Q8DW22|Q8DW22_STRMU,5.472537803649902
tr|Q8DW23|Q8DW23_STRMU,9.158781623840333
tr|Q8DW24|Q8DW24_STRMU,9.627079963684082
tr|Q8DW27|Q8DW27_STRMU,9.518708610534667
tr|Q8DW28|Q8DW28_STRMU,5.006401252746582
tr|Q8DW29|Q8DW29_STRMU,5.520168876647948
tr|Q8DW31|Q8DW31_STRMU,4.946947669982909
tr|Q8DW32|Q8DW32_STRMU,4.6126207351684565
tr|Q8DW34|Q8DW34_STRMU,9.35418529510498
tr|Q8DW36|Q8DW36_STRMU,8.887821006774903
tr|Q8DW37|Q8DW37_STRMU,9.15343074798584
tr|Q8DW38|Q8DW38_STRMU,5.39853343963623
tr|Q8DW39|Q8DW39_STRMU,9.483895683288573
tr|Q8DW40|Q8DW40_STRMU,8.961443901062015
tr|Q8DW41|Q8DW41_STRMU,5.56484432220459
tr|Q8DW46|Q8DW46_STRMU,4.634049034118653
tr|Q8DW47|Q8DW47_STRMU,5.4447435379028315
tr|Q8DW48|Q8DW48_STRMU,9.488086128234862
tr|Q8DW49|Q8DW49_STRMU,9.613348197937015
tr|Q8DW50|Q8DW50_STRMU,4.295857048034668
tr|Q8DW51|Q8DW51_STRMU,5.347662544250488
tr|Q8DW52|Q8DW52_STRMU,9.52289905548096
tr|Q8DW53|Q8DW53_STRMU,9.871479606628416
tr|Q8DW54|Q8DW54_STRMU,8.953385353088382
tr|Q8DW55|Q8DW55_STRMU,5.887121391296386
tr|Q8DW56|Q8DW56_STRMU,7.803075981140139
tr|Q8DW57|Q8DW57_STRMU,7.855940055847168
tr|Q8DW58|Q8DW58_STRMU,5.189081764221189
tr|Q8DW59|Q8DW59_STRMU,8.54001407623291
tr|Q8DW60|Q8DW60_STRMU,4.597785758972168
tr|Q8DW61|Q8DW61_STRMU,9.40917682647705
tr|Q8DW62|Q8DW62_STRMU,9.561322212219238
tr|Q8DW63|Q8DW63_STRMU,9.388869285583493
tr|Q8DW64|Q8DW64_STRMU,8.471806526184086
tr|Q8DW65|Q8DW65_STRMU,9.095022392272949
tr|Q8DW66|Q8DW66_STRMU,5.162367439270017
tr|Q8DW67|Q8DW67_STRMU,7.629861640930176
tr|Q8DW68|Q8DW68_STRMU,8.460846900939941
tr|Q8DW69|Q8DW69_STRMU,9.545011711120605
tr|Q8DW70|Q8DW70_STRMU,6.82479419708252
tr|Q8DW71|Q8DW71_STRMU,5.042494010925293
tr|Q8DW72|Q8DW72_STRMU,5.629981803894043
tr|Q8DW73|Q8DW73_STRMU,9.159361839294434
tr|Q8DW74|Q8DW74_STRMU,9.69096813201904
tr|Q8DW75|Q8DW75_STRMU,9.7118558883667
tr|Q8DW76|Q8DW76_STRMU,5.237735939025878
tr|Q8DW77|Q8DW77_STRMU,9.625855064392091
tr|Q8DW78|Q8DW78_STRMU,6.764715385437013
tr|Q8DW79|Q8DW79_STRMU,4.910002326965332
tr|Q8DW80|Q8DW80_STRMU,9.995065498352051
tr|Q8DW81|Q8DW81_STRMU,9.30744571685791
tr|Q8DW82|Q8DW82_STRMU,10.382649421691895
tr|Q8DW84|Q8DW84_STRMU,5.335157966613769
tr|Q8DW85|Q8DW85_STRMU,9.39396228790283
tr|Q8DW86|Q8DW86_STRMU,6.2138887405395495
tr|Q8DW87|Q8DW87_STRMU,7.058345603942871
tr|Q8DW89|Q8DW89_STRMU,5.174587821960448
tr|Q8DW90|Q8DW90_STRMU,8.635233879089355
tr|Q8DW91|Q8DW91_STRMU,8.198525047302244
tr|Q8DW92|Q8DW92_STRMU,4.333427619934083
tr|Q8DW93|Q8DW93_STRMU,5.53830051422119
tr|Q8DW94|Q8DW94_STRMU,4.978834342956542
tr|Q8DW95|Q8DW95_STRMU,6.086398887634277
tr|Q8DW96|Q8DW96_STRMU,4.575334358215333
tr|Q8DW99|Q8DW99_STRMU,7.755589485168457
tr|Q8DWA0|Q8DWA0_STRMU,9.300225257873535
tr|Q8DWA1|Q8DWA1_STRMU,9.361534690856931
tr|Q8DWA2|Q8DWA2_STRMU,5.771567726135253
tr|Q8DWA3|Q8DWA3_STRMU,9.13499279022217
tr|Q8DWA4|Q8DWA4_STRMU,9.537339973449708
tr|Q8DWA5|Q8DWA5_STRMU,9.329880714416507
tr|Q8DWA6|Q8DWA6_STRMU,5.887291908264159
tr|Q8DWA7|Q8DWA7_STRMU,5.290255165100096
tr|Q8DWB1|Q8DWB1_STRMU,4.738860130310059
tr|Q8DWB4|Q8DWB4_STRMU,9.69799518585205
tr|Q8DWB5|Q8DWB5_STRMU,9.909451484680176
tr|Q8DWB6|Q8DWB6_STRMU,4.685829353332519
tr|Q8DWB7|Q8DWB7_STRMU,4.290286827087402
tr|Q8DWB8|Q8DWB8_STRMU,9.579308891296385
tr|Q8DWC0|Q8DWC0_STRMU,10.120649909973142
tr|Q8DWC1|Q8DWC1_STRMU,9.586335945129392
tr|Q8DWC3|Q8DWC3_STRMU,8.18047389984131
tr|Q8DWC4|Q8DWC4_STRMU,5.6552751541137685
tr|Q8DWC6|Q8DWC6_STRMU,9.612381172180175
tr|Q8DWC8|Q8DWC8_STRMU,9.300676536560058
tr|Q8DWC9|Q8DWC9_STRMU,9.06272373199463
tr|Q8DWD0|Q8DWD0_STRMU,8.409981346130373
tr|Q8DWD1|Q8DWD1_STRMU,9.376040077209474
tr|Q8DWD2|Q8DWD2_STRMU,5.449176979064941
tr|Q8DWD7|Q8DWD7_STRMU,5.132981681823729
tr|Q8DWD8|Q8DWD8_STRMU,4.6967992782592765
tr|Q8DWD9|Q8DWD9_STRMU,9.066720771789551
tr|Q8DWE4|Q8DWE4_STRMU,9.55990390777588
tr|Q8DWE6|Q8DWE6_STRMU,5.394156837463378
tr|Q8DWE7|Q8DWE7_STRMU,8.475996971130371
tr|Q8DWE9|Q8DWE9_STRMU,9.283012199401856
tr|Q8DWF0|Q8DWF0_STRMU,5.480324745178222
tr|Q8DWF1|Q8DWF1_STRMU,4.942741584777831
tr|Q8DWF2|Q8DWF2_STRMU,4.71595401763916
tr|Q8DWF3|Q8DWF3_STRMU,7.807975578308106
tr|Q8DWF4|Q8DWF4_STRMU,6.631030082702638
tr|Q8DWF5|Q8DWF5_STRMU,5.941914176940918
tr|Q8DWF6|Q8DWF6_STRMU,4.75517292022705
tr|Q8DWF7|Q8DWF7_STRMU,9.429419898986819
tr|Q8DWF8|Q8DWF8_STRMU,6.831842231750489
tr|Q8DWF9|Q8DWF9_STRMU,9.271794700622557
tr|Q8DWG3|Q8DWG3_STRMU,9.624178886413574
tr|Q8DWG4|Q8DWG4_STRMU,5.464239311218263
tr|Q8DWG5|Q8DWG5_STRMU,7.959605216979981
tr|Q8DWG6|Q8DWG6_STRMU,9.001865577697757
tr|Q8DWG7|Q8DWG7_STRMU,9.750021171569824
sp|Q8DWG8|Y087_STRMU,6.104985237121581
tr|Q8DWG9|Q8DWG9_STRMU,9.098697090148928
tr|Q8DWH3|Q8DWH3_STRMU,5.761734580993653
tr|Q8DWH4|Q8DWH4_STRMU,9.415301322937015
tr|Q8DWH5|Q8DWH5_STRMU,6.098448753356932
tr|Q8DWH6|Q8DWH6_STRMU,5.049712562561035
sp|Q8DWH7|Y073_STRMU,5.2078954696655275
tr|Q8DWI0|Q8DWI0_STRMU,5.194140434265136
tr|Q8DWI1|Q8DWI1_STRMU,6.905050849914551
tr|Q8DWI2|Q8DWI2_STRMU,9.860842323303224
tr|Q8DWI5|Q8DWI5_STRMU,4.786320686340332
tr|Q8DWI6|Q8DWI6_STRMU,5.071084022521972
tr|Q8DWI7|Q8DWI7_STRMU,6.910223197937013
tr|Q8DWI8|Q8DWI8_STRMU,5.184818840026854
tr|Q8DWI9|Q8DWI9_STRMU,5.625321006774903
tr|Q8DWJ0|Q8DWJ0_STRMU,4.0500284194946286
tr|Q8DWJ1|Q8DWJ1_STRMU,4.830086708068847
tr|Q8DWJ2|Q8DWJ2_STRMU,6.71850528717041
tr|Q8DWJ3|Q8DWJ3_STRMU,7.719383049011231
tr|Q8DWJ6|Q8DWJ6_STRMU,9.019594383239745
tr|Q8DWJ8|Q8DWJ8_STRMU,8.816841316223147
tr|Q8DWJ9|Q8DWJ9_STRMU,4.540776252746583
tr|Q8DWK0|Q8DWK0_STRMU,8.135217094421389
tr|Q8DWK1|Q8DWK1_STRMU,6.403105735778809
tr|Q8DWK3|Q8DWK3_STRMU,8.992904472351075
tr|Q8DWK4|Q8DWK4_STRMU,11.844276618957519
tr|Q8DWK5|Q8DWK5_STRMU,9.30054759979248
tr|Q8DWK6|Q8DWK6_STRMU,8.976271629333496
tr|Q8DWK7|Q8DWK7_STRMU,5.527330589294433
tr|Q8DWK9|Q8DWK9_STRMU,4.687193489074706
tr|Q8DWL2|Q8DWL2_STRMU,9.99525890350342
tr|Q8DWL4|Q8DWL4_STRMU,9.01746692657471
tr|Q8DWL5|Q8DWL5_STRMU,4.871522331237792
tr|Q8DWL7|Q8DWL7_STRMU,5.131333351135253
tr|Q8DWM5|Q8DWM5_STRMU,10.010344505310059
tr|Q8DWM6|Q8DWM6_STRMU,9.697157096862792
tr|Q8DWN1|Q8DWN1_STRMU,8.036129188537597
tr|Q8DWN2|Q8DWN2_STRMU,9.454433631896975
tr|Q8DWN3|Q8DWN3_STRMU,9.81777744293213
tr|Q8DWN7|Q8DWN7_STRMU,9.387966728210447
sp|Q93D98|Y1935_STRMU,9.850978660583493
