Protein ID,Molecular Weight
sp|P08987|GTFB_STRMU,165744.93819645143
sp|P13470|GTFC_STRMU,162866.33782812688
sp|P37214|ERA_STRMU,34168.00425656394
sp|P49331|GTFD_STRMU,163288.32654413002
sp|Q8CWX6|METE_STRMU,84089.04499848213
sp|Q8DTS9|ENO_STRMU,46828.608973437935
sp|P10249|SUCP_STRMU,55651.71896541892
sp|P10539|DHAS_STRMU,38878.89476961791
sp|P11701|LSC_STRMU,87331.01485241356
sp|P23504|SPAP_STRMU,169868.53179909577
sp|Q03174|FRUA_STRMU,158562.4871957355
sp|Q05888|UDPK_STRMU,15340.34367288532
sp|Q59938|ACNA_STRMU,97993.14931522383
sp|Q8CWX8|FTSY_STRMU,55150.072308366616
sp|Q8DSQ6|IXTPA_STRMU,36375.51465948925
sp|Q8DSX2|GLMU_STRMU,49863.89613331474
sp|Q8DT66|RNC_STRMU,26012.43261162495
sp|Q8DT76|ADDA_STRMU,139205.28681697792
sp|Q8DTX6|PFKA_STRMU,35748.2784331423
sp|Q8DU67|GLYA_STRMU,46140.783213785566
sp|Q8DU94|KPRS2_STRMU,35648.5896176729
sp|Q8DUP3|CARB_STRMU,115973.52270386566
sp|Q8DUP4|CARA_STRMU,40179.27198085988
sp|Q8DVG8|RLMN_STRMU,41125.97842733785
sp|Q8DW15|GSHAB_STRMU,86132.90337306552
sp|Q8DW19|PTC_STRMU,38493.97542225639
sp|Q8DW43|ILVC_STRMU,37261.838945412106
sp|Q8DWG1|PYRG_STRMU,59453.43632014299
sp|Q8DWM2|KPRS1_STRMU,35151.33297550016
tr|I6L8Y0|I6L8Y0_STRMU,20464.98628088483
tr|I6L928|I6L928_STRMU,32783.04875026018
sp|O68575|PFLA_STRMU,30130.42898164783
sp|O68579|PPAC_STRMU,33382.13316114197
sp|O70055|DLTC_STRMU,8973.31463932837
sp|P05428|TRMFO_STRMU,49520.24689410619
sp|P09738|SODM_STRMU,22611.49060728924
sp|P12655|PTS3B_STRMU,69944.59358880672
sp|P26283|LDH_STRMU,35223.29408729421
sp|P26425|LACD1_STRMU,36467.53388100581
sp|P26426|PTLA_STRMU,11391.76664925038
sp|P27624|RECA_STRMU,41394.59666675997
sp|P27756|AGAL_STRMU,82089.69790076673
sp|P45595|PT1_STRMU,63357.93541195893
sp|P45596|PTHP_STRMU,8930.549422263539
sp|P50976|PTLCB_STRMU,61380.3205849308
sp|P50978|LACG_STRMU,53728.43928330651
sp|P55045|FPG_STRMU,30855.36300201639
sp|P59125|RS5_STRMU,17110.42558801245
sp|P59156|RSMA_STRMU,32796.43604774575
sp|P59161|GPMA_STRMU,26034.25945566629
sp|P59255|PLSY_STRMU,23402.08071531597
sp|P59311|ARGC_STRMU,37496.50362490221
sp|P72478|PUR8_STRMU,49346.05737235888
sp|P72479|OPPF_STRMU,34820.34012218206
sp|P72481|UVRA_STRMU,104053.76651298915
sp|P72483|EFTU_STRMU,43891.36976134877
sp|P72484|TPIS_STRMU,27193.70640569316
sp|P95778|RMLA_STRMU,32274.525334847098
sp|P95780|RMLB_STRMU,39256.78025889845
sp|P95781|MUTX_STRMU,18837.42303452
sp|P95783|ATPL_STRMU,7054.89476725379
sp|P95785|ATPF_STRMU,17911.52067614714
sp|P95787|ATPA_STRMU,54339.11178673231
sp|P95789|ATPB_STRMU,50944.16715882126
sp|P95803|DDL_STRMU,38812.683741974455
sp|P96993|GAL1_STRMU,43208.30324726698
sp|P96995|GALE_STRMU,36897.66898406639
sp|Q02420|PTMA_STRMU,15868.02360520604
sp|Q53526|DLTA_STRMU,57523.33074974186
sp|Q54431|SRP54_STRMU,57034.503565665414
sp|Q54433|COAC_STRMU,19269.29318351443
sp|Q54443|DEXT_STRMU,94423.95142694794
sp|Q59928|ARGD_STRMU,41115.925957105384
sp|Q59931|GAPN_STRMU,51161.66260524163
sp|Q59934|PFL_STRMU,87550.50248274022
sp|Q59940|IDH_STRMU,43113.750995941984
tr|Q7ZAL0|Q7ZAL0_STRMU,134409.9703565728
sp|Q8CVC6|PRSA_STRMU,36070.611811119
sp|Q8CWW5|CH10_STRMU,10032.392321322191
sp|Q8CWW6|CH60_STRMU,57065.817987990005
sp|Q8CWX1|SYFA_STRMU,39270.83588360651
sp|Q8CWX2|SYFB_STRMU,87288.6677449101
sp|Q8CWX7|UVRB_STRMU,75978.20914718333
sp|Q8CWX9|PEPT_STRMU,45365.34836158507
sp|Q8CWY0|SYA_STRMU,97101.4658810052
tr|Q8CWY3|Q8CWY3_STRMU,90427.79400967532
sp|Q8CWY4|NADE_STRMU,30155.59779026048
sp|Q8CWZ0|ASSY_STRMU,43885.61918705671
sp|Q8CWZ1|UPPP_STRMU,31343.174269387182
sp|Q8CWZ6|TIG_STRMU,47456.78739946737
sp|Q8DRR1|SYW_STRMU,38301.62872305938
tr|Q8DRR2|Q8DRR2_STRMU,53060.498958280084
sp|Q8DRS4|MNMA_STRMU,41662.30916079506
tr|Q8DRS9|Q8DRS9_STRMU,50587.32119969581
sp|Q8DRT7|ILVD_STRMU,60741.63361450295
sp|Q8DRV9|SYD_STRMU,66925.36388640798
sp|Q8DS08|DTD_STRMU,16235.44190845943
sp|Q8DS33|KAD_STRMU,23623.214733015113
sp|Q8DS36|RPOA_STRMU,34549.06774597803
sp|Q8DS44|SYY_STRMU,47551.464015953876
sp|Q8DS47|RPOC_STRMU,134891.966841551
sp|Q8DS57|ACKA_STRMU,43704.75531041551
sp|Q8DS90|DER_STRMU,48555.2861221919
sp|Q8DSB7|SYS_STRMU,48362.47726567618
tr|Q8DSC4|Q8DSC4_STRMU,35539.49217183805
tr|Q8DSC6|Q8DSC6_STRMU,88831.38143543873
sp|Q8DSC8|RNH3_STRMU,33810.045526529524
sp|Q8DSD1|MUTS2_STRMU,87709.7840355554
sp|Q8DSF0|SECA_STRMU,95383.28609573023
sp|Q8DSF4|ALR_STRMU,40394.929977663065
sp|Q8DSG3|SYDND_STRMU,66120.96968374607
sp|Q8DSG4|GATC_STRMU,11203.52208728354
sp|Q8DSJ7|ISPT_STRMU,28506.056640561706
sp|Q8DSJ9|SYP_STRMU,68644.20229358909
sp|Q8DSL1|SYV_STRMU,100871.94780911825
tr|Q8DSM8|Q8DSM8_STRMU,50370.316743029
sp|Q8DSN0|FABM_STRMU,28909.231533837257
sp|Q8DSN2|FABH_STRMU,35094.895653247964
tr|Q8DSP0|Q8DSP0_STRMU,31948.583246583716
tr|Q8DSP1|Q8DSP1_STRMU,28468.806086084856
sp|Q8DSP4|MURC_STRMU,50871.51350437742
tr|Q8DSP6|Q8DSP6_STRMU,68501.23141033895
sp|Q8DSP8|YIDC2_STRMU,34884.65032880547
tr|Q8DSR4|Q8DSR4_STRMU,21177.57296147303
sp|Q8DST2|MURE_STRMU,53982.96599839919
sp|Q8DST6|UPP_STRMU,23036.449929450042
sp|Q8DST7|CLPP_STRMU,21656.07161884561
sp|Q8DSU6|KTHY_STRMU,23940.781338101362
sp|Q8DSV3|SERC_STRMU,40338.61254277818
tr|Q8DSV7|Q8DSV7_STRMU,18297.383450610563
tr|Q8DSV9|Q8DSV9_STRMU,23276.27853899356
tr|Q8DSW8|Q8DSW8_STRMU,75587.27385840846
sp|Q8DSX7|FTSK_STRMU,87121.62661349468
sp|Q8DSY1|PYRH_STRMU,26314.58717448069
sp|Q8DSZ0|COAE_STRMU,22619.82018927456
sp|Q8DT12|SYT_STRMU,74711.32802264366
tr|Q8DT18|Q8DT18_STRMU,34512.1718619483
sp|Q8DT23|METK_STRMU,43102.39376979808
sp|Q8DT24|MURA2_STRMU,44687.68058300792
tr|Q8DT31|Q8DT31_STRMU,86761.68327969432
tr|Q8DT38|Q8DT38_STRMU,31723.740781440596
sp|Q8DT49|DNLJ_STRMU,71797.77946833639
sp|Q8DT52|GLGB_STRMU,73920.32098072756
sp|Q8DT53|GLGC_STRMU,41905.76430464381
sp|Q8DT57|MURA1_STRMU,45587.58262381096
sp|Q8DT87|MIAA_STRMU,33153.17529475608
sp|Q8DT90|RNZ_STRMU,34389.11469456555
sp|Q8DT95|APT_STRMU,18772.62926442875
sp|Q8DT96|METAA_STRMU,36709.46139149735
tr|Q8DTC2|Q8DTC2_STRMU,29599.65162498509
tr|Q8DTC3|Q8DTC3_STRMU,49549.74088776236
tr|Q8DTC4|Q8DTC4_STRMU,31491.77426910811
sp|Q8DTC6|GLMM_STRMU,48678.92129383538
sp|Q8DTC7|CLPB_STRMU,98072.86614380646
sp|Q8DTE3|CAS9_STRMU,156526.8414607101
sp|Q8DTF3|LEPA_STRMU,68314.53840964256
sp|Q8DTG1|URK_STRMU,24168.61401507608
tr|Q8DTG2|Q8DTG2_STRMU,56842.05092809754
sp|Q8DTG3|LEU3_STRMU,36677.016733258744
sp|Q8DTG4|LEUC_STRMU,50586.155945379214
sp|Q8DTM1|NOAT_STRMU,43473.51471835575
sp|Q8DTN6|NRNA_STRMU,34603.9141927519
sp|Q8DTN8|ADD_STRMU,39081.932535025626
tr|Q8DTQ2|Q8DTQ2_STRMU,72389.01803462715
sp|Q8DTQ7|HISX_STRMU,46422.261618985496
tr|Q8DTQ8|Q8DTQ8_STRMU,23687.32870013819
sp|Q8DTR1|HIS5_STRMU,21400.12058800853
sp|Q8DTR3|HIS6_STRMU,26856.59634437567
sp|Q8DTR4|HIS3_STRMU,12526.94957751525
sp|Q8DTT8|MNME_STRMU,50322.61744595436
sp|Q8DTT9|RPIA_STRMU,24552.602826365957
sp|Q8DTU0|DEOB_STRMU,43928.152379234816
tr|Q8DTU6|Q8DTU6_STRMU,25457.871616238568
sp|Q8DTU9|PYRK_STRMU,28012.37558727406
tr|Q8DTV0|Q8DTV0_STRMU,32657.946347247886
sp|Q8DTV1|PYRF_STRMU,24899.77765409047
sp|Q8DTV2|PYRE_STRMU,22802.05749986586
tr|Q8DTV9|Q8DTV9_STRMU,45204.51579784129
tr|Q8DTW0|Q8DTW0_STRMU,71946.06728076721
tr|Q8DTW6|Q8DTW6_STRMU,92472.14737494368
tr|Q8DTW7|Q8DTW7_STRMU,37707.89663680357
sp|Q8DTY0|GLMS_STRMU,65380.61446562607
tr|Q8DTY6|Q8DTY6_STRMU,83409.51228898526
tr|Q8DU16|Q8DU16_STRMU,35086.0729169198
sp|Q8DU23|PSTB2_STRMU,30276.400679596132
sp|Q8DU24|PSTB1_STRMU,28042.55557643256
tr|Q8DU26|Q8DU26_STRMU,96770.81621908909
tr|Q8DU33|Q8DU33_STRMU,46498.64304982582
sp|Q8DU34|DEOC_STRMU,23348.969342909928
tr|Q8DU41|Q8DU41_STRMU,92284.97269718145
sp|Q8DU63|KITH_STRMU,22216.32806582549
tr|Q8DU65|Q8DU65_STRMU,31503.03163261371
sp|Q8DU81|GUAA_STRMU,57227.37947579435
sp|Q8DU98|NADK_STRMU,31303.504256874352
tr|Q8DUC2|Q8DUC2_STRMU,32918.272843246334
tr|Q8DUD3|Q8DUD3_STRMU,80217.7484485586
sp|Q8DUE1|RNH2_STRMU,28894.25455237799
sp|Q8DUE5|DAPA_STRMU,31765.46906364733
sp|Q8DUF7|POTA_STRMU,43506.43383554064
sp|Q8DUF8|MURB_STRMU,33749.26468079808
sp|Q8DUG2|GCH1_STRMU,21669.03739729374
sp|Q8DUI0|CLPX_STRMU,45153.5768454713
sp|Q8DUI4|TYSY_STRMU,32809.9540286071
sp|Q8DUI9|IDI2_STRMU,37285.277488131294
sp|Q8DUK3|TPX_STRMU,17541.77352794813
sp|Q8DUK7|QUEC_STRMU,24529.24602701737
tr|Q8DUK9|Q8DUK9_STRMU,27553.097512754393
sp|Q8DUL0|QUEF_STRMU,19158.26376954877
sp|Q8DUL8|CCA_STRMU,46055.13319043683
sp|Q8DUL9|DAPB_STRMU,27787.42757976117
sp|Q8DUP5|PYRB_STRMU,34701.90128600184
sp|Q8DUQ0|LSPA_STRMU,17328.56950326139
sp|Q8DUR1|THII_STRMU,45075.59264739187
tr|Q8DUS6|Q8DUS6_STRMU,68198.83966130711
sp|Q8DUU2|OBG_STRMU,47923.27212220539
tr|Q8DUV7|Q8DUV7_STRMU,17600.926357274762
sp|Q8DUV8|AROA_STRMU,46059.25923443282
sp|Q8DUW1|AROC_STRMU,42614.06284048628
sp|Q8DUW2|AROB_STRMU,39035.373369315945
sp|Q8DUW3|AROE_STRMU,31790.56078592966
sp|Q8DUW4|AROD_STRMU,25766.9515421129
sp|Q8DUW8|SYK_STRMU,56343.651120867034
tr|Q8DV09|Q8DV09_STRMU,47433.44791586332
sp|Q8DV10|CAPP_STRMU,103831.34087513715
sp|Q8DV23|KCY_STRMU,25194.427647722052
sp|Q8DV44|ARGB_STRMU,26295.103850130807
sp|Q8DV45|ARGJ_STRMU,42391.48136517262
sp|Q8DV70|NAGB_STRMU,25457.14726924584
tr|Q8DV90|Q8DV90_STRMU,58437.24367964794
tr|Q8DV96|Q8DV96_STRMU,49792.57759346975
tr|Q8DVA1|Q8DVA1_STRMU,34171.22015167398
tr|Q8DVC0|Q8DVC0_STRMU,30066.80945116015
sp|Q8DVC1|FOLD_STRMU,30912.196927054676
sp|Q8DVD3|SYI_STRMU,105786.48745424286
tr|Q8DVD9|Q8DVD9_STRMU,45714.95387265536
sp|Q8DVE2|MURG_STRMU,40506.16521205245
sp|Q8DVE3|MURD_STRMU,48780.30128898411
tr|Q8DVE5|Q8DVE5_STRMU,68384.19362027233
sp|Q8DVF6|TRPD_STRMU,36002.73276405316
sp|Q8DVH2|COAD_STRMU,18764.896224686952
tr|Q8DVK3|Q8DVK3_STRMU,49582.826223674165
sp|Q8DVL3|RECU_STRMU,22800.839095859534
tr|Q8DVM2|Q8DVM2_STRMU,51007.73688486744
sp|Q8DVM4|MRAY_STRMU,37652.63631868016
sp|Q8DVN0|PROB_STRMU,29728.26505734741
sp|Q8DVQ4|TRMB_STRMU,24720.666342515804
sp|Q8DVR7|DPO4_STRMU,41971.21386196905
sp|Q8DVS2|PEPX_STRMU,86687.10113082104
sp|Q8DVT0|TSAD_STRMU,36101.69486899291
sp|Q8DVV2|PGK_STRMU,42019.31814773993
tr|Q8DVV3|Q8DVV3_STRMU,36045.510174925876
tr|Q8DVW0|Q8DVW0_STRMU,23707.236914653786
sp|Q8DVW1|RSGA_STRMU,33232.49195027031
sp|Q8DVX3|YIDC1_STRMU,31306.106820279252
sp|Q8DVX9|SYE_STRMU,55685.22270876065
sp|Q8DVZ3|TGT_STRMU,43190.51461826501
tr|Q8DW01|Q8DW01_STRMU,71031.609279774
sp|Q8DW14|PURA_STRMU,47319.43188096179
tr|Q8DW26|Q8DW26_STRMU,45748.62549123837
tr|Q8DW42|Q8DW42_STRMU,45476.031851430205
tr|Q8DW44|Q8DW44_STRMU,17853.864654307003
tr|Q8DW45|Q8DW45_STRMU,61605.13626724789
sp|Q8DW88|URDA_STRMU,86754.90433259465
sp|Q8DWA9|SYC_STRMU,50672.42792647227
sp|Q8DWB2|PNP_STRMU,80005.6381796028
sp|Q8DWC2|DEF_STRMU,22904.97752697337
tr|Q8DWE2|Q8DWE2_STRMU,39702.86281846607
tr|Q8DWE8|Q8DWE8_STRMU,34042.59787627805
sp|Q8DWH1|TRUA_STRMU,28169.631716229313
sp|Q8DWH2|DNAJ_STRMU,40832.759811088334
sp|Q8DWI4|RUVB_STRMU,38867.90317328244
tr|Q8DWJ4|Q8DWJ4_STRMU,39274.856429240186
sp|Q8DWK8|PUR9_STRMU,56431.998769597594
tr|Q8DWL0|Q8DWL0_STRMU,20627.64532761033
sp|Q8DWL1|PUR5_STRMU,36488.84734250654
tr|Q8DWL3|Q8DWL3_STRMU,52722.64889310724
sp|Q8DWL9|PLSX_STRMU,35272.51160184302
tr|Q8DWM7|Q8DWM7_STRMU,71674.13768590949
sp|Q8DWM8|HGPRT_STRMU,20528.609504375498
sp|Q93D83|GPDA_STRMU,37289.38120330866
sp|Q93DA2|METN_STRMU,39142.139821655175
sp|Q99040|DEXB_STRMU,61990.52934083948
sp|Q9KIJ3|MTSA_STRMU,34343.22462200937
sp|Q9KJ75|PTMCB_STRMU,61995.60433642891
sp|Q9X670|G6PI_STRMU,49391.14894218535
sp|Q9ZA56|HPRK_STRMU,34861.7765411748
tr|G1XVB9|G1XVB9_STRMU,30197.44831608461
tr|G1XVC0|G1XVC0_STRMU,10978.96170548337
tr|I6L8X6|I6L8X6_STRMU,52566.56842164958
tr|I6L8Y7|I6L8Y7_STRMU,62730.05302884247
tr|I6L8Z0|I6L8Z0_STRMU,49907.987853308696
tr|I6L8Z3|I6L8Z3_STRMU,26723.09081079053
tr|I6L8Z4|I6L8Z4_STRMU,30649.98330234521
tr|I6L8Z5|I6L8Z5_STRMU,26898.00791149852
tr|I6L903|I6L903_STRMU,37502.22913300994
tr|I6L905|I6L905_STRMU,70797.58468166088
tr|I6L906|I6L906_STRMU,26070.110108287612
tr|I6L915|I6L915_STRMU,35288.80550996762
tr|I6L920|I6L920_STRMU,49890.53756861933
tr|I6L921|I6L921_STRMU,31393.00876139757
tr|I6L922|I6L922_STRMU,55112.3074862794
tr|I6L923|I6L923_STRMU,25060.105694107107
tr|I6L927|I6L927_STRMU,31000.534244992923
tr|I6L930|I6L930_STRMU,33883.719547825065
sp|O06940|HRCA_STRMU,39206.7410482691
sp|O06941|GRPE_STRMU,20563.235976544453
sp|O06942|DNAK_STRMU,65246.433578352364
sp|O07329|CCPA_STRMU,36591.17923896164
sp|O33662|SIGA_STRMU,42521.07403517779
sp|O69155|XERS_STRMU,41565.88073453372
sp|P11000|WAPA_STRMU,48870.691754813226
sp|P13522|SCRB_STRMU,54638.17086407574
sp|P26421|LACC_STRMU,33342.49058307817
sp|P26422|LACR_STRMU,28685.847477982792
sp|P26423|LACA_STRMU,15598.04492438434
sp|P26424|LACB_STRMU,18937.5930300324
sp|P29337|BCCP_STRMU,13591.819087438169
sp|P34001|Y988_STRMU,53372.93319968796
sp|P48853|RS10_STRMU,11578.312734105919
sp|P59133|RS4_STRMU,23020.3804847256
sp|P59167|RS12_STRMU,15099.47144148063
sp|P59186|RS3_STRMU,24106.85286981894
sp|P59378|RS11_STRMU,13391.209327651799
sp|P59388|CODY_STRMU,28952.07974771821
sp|P66308|RL36_STRMU,4448.39525362918
sp|P66474|RS18_STRMU,9198.01386026713
sp|P66531|RS21_STRMU,6967.9223788286
sp|P72477|ABCX_STRMU,29347.952380277562
sp|P72482|LGT_STRMU,29830.120774995703
sp|P95784|ATP6_STRMU,27071.47551259733
sp|P95786|ATPD_STRMU,20436.02499658089
sp|P95788|ATPG_STRMU,32328.560947255282
sp|P95790|ATPE_STRMU,15578.26629945938
sp|P96468|Y1061_STRMU,13243.46088014993
sp|P96994|GALT_STRMU,55410.2280264383
sp|Q00749|MSME_STRMU,47057.23661434677
sp|Q00750|MSMF_STRMU,31896.30572215947
sp|Q00751|MSMG_STRMU,31632.878368749836
sp|Q00752|MSMK_STRMU,41937.55334380184
sp|Q00753|MSMR_STRMU,31947.50217629595
sp|Q02418|MTLD_STRMU,42945.449330105184
sp|Q02425|MTLR_STRMU,75290.76287772151
sp|Q07211|SCRK_STRMU,31691.94632949208
sp|Q54430|SCRR_STRMU,35603.85311382129
sp|Q59925|FTHS_STRMU,59696.48548138345
sp|Q59935|MANA_STRMU,35351.92240864378
sp|Q59939|CISY_STRMU,42684.16967436766
sp|Q7ZAK8|SCPA_STRMU,27543.63137999325
sp|Q7ZAK9|SCPB_STRMU,22344.559561860933
tr|Q8CVC3|Q8CVC3_STRMU,29212.209669468408
tr|Q8CVC5|Q8CVC5_STRMU,75407.13388323781
sp|Q8CWW2|SYH_STRMU,48866.118841652926
sp|Q8CWW3|RUVA_STRMU,21882.37764338103
sp|Q8CWW4|CPFC_STRMU,36396.919568478064
tr|Q8CWW8|Q8CWW8_STRMU,33021.53416667416
tr|Q8CWW9|Q8CWW9_STRMU,87797.06456998654
sp|Q8CWX0|GLGA_STRMU,54276.97588773342
sp|Q8CWX4|UVRC_STRMU,68849.06065876561
sp|Q8CWY5|SYGB_STRMU,77072.56343195564
sp|Q8CWY6|SYGA_STRMU,35059.34184234258
tr|Q8CWY9|Q8CWY9_STRMU,166523.8854767939
sp|Q8CWZ3|HSLO_STRMU,31758.906280843592
tr|Q8CWZ4|Q8CWZ4_STRMU,47908.86796769091
tr|Q8CWZ7|Q8CWZ7_STRMU,48293.24008319455
tr|Q8CZF0|Q8CZF0_STRMU,29016.66268766409
tr|Q8CZF2|Q8CZF2_STRMU,42573.598882018145
sp|Q8DRQ7|RLMH_STRMU,18255.84909594094
sp|Q8DRR3|RECF_STRMU,41977.31358432995
tr|Q8DRR8|Q8DRR8_STRMU,19904.00006670153
sp|Q8DRR9|ECFA1_STRMU,31555.45451037903
sp|Q8DRS0|ECFA2_STRMU,30922.12467522538
tr|Q8DRS1|Q8DRS1_STRMU,29656.60171063408
sp|Q8DRS6|MNMG_STRMU,70390.52951694181
tr|Q8DRS7|Q8DRS7_STRMU,74162.7011647269
sp|Q8DRS8|RL9_STRMU,16760.41342398403
tr|Q8DRU8|Q8DRU8_STRMU,43389.2675082277
sp|Q8DRV7|RL32_STRMU,6821.711717356019
sp|Q8DRW2|SYR_STRMU,63533.98652133221
tr|Q8DRW3|Q8DRW3_STRMU,8666.268956621101
sp|Q8DRW6|ARGR_STRMU,16403.60771083123
sp|Q8DRW8|MUTS_STRMU,95281.12576442637
sp|Q8DRX0|MUTL_STRMU,73764.26887946046
sp|Q8DRX8|YQGF_STRMU,15536.276544835
tr|Q8DRY2|Q8DRY2_STRMU,83410.87444479237
tr|Q8DRY5|Q8DRY5_STRMU,23087.64019354596
sp|Q8DRY7|ZUPT_STRMU,28298.217439048633
tr|Q8DRZ0|Q8DRZ0_STRMU,37379.169285608245
tr|Q8DRZ6|Q8DRZ6_STRMU,67137.71910446766
sp|Q8DS02|PRMA_STRMU,34521.38581927268
tr|Q8DS03|Q8DS03_STRMU,27373.56067247087
tr|Q8DS05|Q8DS05_STRMU,78366.08497336284
tr|Q8DS07|Q8DS07_STRMU,84041.44997981851
sp|Q8DS11|RS2_STRMU,29075.22541326888
sp|Q8DS12|EFTS_STRMU,37695.34701533476
tr|Q8DS14|Q8DS14_STRMU,90273.82707252346
sp|Q8DS16|RL3_STRMU,22369.07299487449
tr|Q8DS17|Q8DS17_STRMU,22214.964666486667
tr|Q8DS18|Q8DS18_STRMU,10659.62674450122
sp|Q8DS19|RL22_STRMU,12436.827516494941
sp|Q8DS20|RL16_STRMU,15492.420534832041
sp|Q8DS21|RL29_STRMU,8025.384133098491
sp|Q8DS22|RS17_STRMU,10018.504444540571
sp|Q8DS23|RL14_STRMU,13013.172422510861
sp|Q8DS24|RL24_STRMU,10964.1702736707
sp|Q8DS25|RL5_STRMU,19798.685482702
sp|Q8DS26|RS14Z_STRMU,7039.694753688
sp|Q8DS27|RS8_STRMU,14683.926233975199
sp|Q8DS28|RL6_STRMU,19424.4759754013
sp|Q8DS29|RL18_STRMU,12886.066652002712
sp|Q8DS30|RL30_STRMU,6377.613474911819
sp|Q8DS31|RL15_STRMU,15436.4683682006
tr|Q8DS32|Q8DS32_STRMU,47788.7602268246
sp|Q8DS34|IF1_STRMU,8239.34623366175
sp|Q8DS35|RS13_STRMU,13397.46183685302
sp|Q8DS37|RL17_STRMU,14530.666013624592
sp|Q8DS40|ISPE_STRMU,30944.3095464072
tr|Q8DS45|Q8DS45_STRMU,86302.30405809022
sp|Q8DS46|RPOB_STRMU,132634.1378651134
tr|Q8DS51|Q8DS51_STRMU,11584.39806935598
tr|Q8DS61|Q8DS61_STRMU,27084.44123875138
tr|Q8DS62|Q8DS62_STRMU,38979.89431612544
tr|Q8DS68|Q8DS68_STRMU,14832.74436600125
tr|Q8DS70|Q8DS70_STRMU,50947.82697970209
tr|Q8DS79|Q8DS79_STRMU,33215.6872817309
tr|Q8DS80|Q8DS80_STRMU,80502.37586893761
tr|Q8DS82|Q8DS82_STRMU,20222.24381589684
sp|Q8DS85|SYL_STRMU,94350.81278423092
sp|Q8DS88|NRDR_STRMU,18969.778189988043
tr|Q8DSC1|Q8DSC1_STRMU,86395.69669759063
tr|Q8DSC3|Q8DSC3_STRMU,28083.04785658064
tr|Q8DSC7|Q8DSC7_STRMU,22412.934859570647
tr|Q8DSD2|Q8DSD2_STRMU,11438.876031503649
tr|Q8DSD4|Q8DSD4_STRMU,44264.649744763345
sp|Q8DSD7|RS6_STRMU,11239.8084522991
sp|Q8DSD8|SSB_STRMU,18320.868143602118
tr|Q8DSE5|Q8DSE5_STRMU,16828.27623399064
sp|Q8DSE7|EFP_STRMU,20767.58157084365
sp|Q8DSE9|NUSB_STRMU,16510.71556191778
tr|Q8DSF1|Q8DSF1_STRMU,38694.44477435167
tr|Q8DSF2|Q8DSF2_STRMU,39071.9538645618
sp|Q8DSF3|ACPS_STRMU,13209.962866153752
tr|Q8DSF5|Q8DSF5_STRMU,75325.79507929742
tr|Q8DSF7|Q8DSF7_STRMU,34554.16759479241
tr|Q8DSG1|Q8DSG1_STRMU,45573.1460746593
sp|Q8DSG5|GATA_STRMU,52859.96796296433
sp|Q8DSG6|GATB_STRMU,53468.12930821397
tr|Q8DSH1|Q8DSH1_STRMU,52591.85248287496
sp|Q8DSI6|NADD_STRMU,24424.9612662514
tr|Q8DSI8|Q8DSI8_STRMU,13328.8923887457
sp|Q8DSJ2|TMCAL_STRMU,41038.446845162325
sp|Q8DSK1|NTDP_STRMU,20991.64633286345
sp|Q8DSK2|RECX_STRMU,30717.323021401808
sp|Q8DSK3|Y1779_STRMU,52474.5010375643
tr|Q8DSL6|Q8DSL6_STRMU,91671.62080295445
tr|Q8DSL7|Q8DSL7_STRMU,28716.28246128394
tr|Q8DSM1|Q8DSM1_STRMU,24952.93331388668
tr|Q8DSM5|Q8DSM5_STRMU,11160.61371786779
tr|Q8DSN3|Q8DSN3_STRMU,8379.08703067167
tr|Q8DSN5|Q8DSN5_STRMU,26204.51843293999
tr|Q8DSN6|Q8DSN6_STRMU,43635.176351778646
tr|Q8DSN7|Q8DSN7_STRMU,15986.2582749833
sp|Q8DSN8|FABZ_STRMU,15361.30142670201
tr|Q8DSN9|Q8DSN9_STRMU,49667.18442569578
sp|Q8DSP7|GREA_STRMU,17575.111557678458
tr|Q8DSP9|Q8DSP9_STRMU,10456.33826911707
sp|Q8DSQ5|MURI_STRMU,29245.6055023093
sp|Q8DSQ9|XERDL_STRMU,28497.5879737297
tr|Q8DSR0|Q8DSR0_STRMU,27186.60148326204
tr|Q8DSR8|Q8DSR8_STRMU,23149.73158025397
tr|Q8DSS4|Q8DSS4_STRMU,48598.48486084161
tr|Q8DST4|Q8DST4_STRMU,40213.67431649057
tr|Q8DST5|Q8DST5_STRMU,44369.903837820115
tr|Q8DSU1|Q8DSU1_STRMU,30693.880692138686
tr|Q8DSU3|Q8DSU3_STRMU,28267.88704714713
tr|Q8DSV0|Q8DSV0_STRMU,32724.07983751283
tr|Q8DSV1|Q8DSV1_STRMU,43989.3444430509
tr|Q8DSV6|Q8DSV6_STRMU,42771.19381376369
tr|Q8DSX5|Q8DSX5_STRMU,25201.182170606
tr|Q8DSX6|Q8DSX6_STRMU,28639.36693489072
sp|Q8DSX9|RL11_STRMU,14806.76416468143
sp|Q8DSY0|RL1_STRMU,24494.9417400165
sp|Q8DSY2|RRF_STRMU,20629.981930423513
sp|Q8DSY4|MSRA_STRMU,19666.42165212741
sp|Q8DSY7|YBEY_STRMU,19091.14710598514
sp|Q8DSZ3|RL33_STRMU,5647.98403129041
tr|Q8DSZ4|Q8DSZ4_STRMU,8818.73338586098
sp|Q8DSZ5|SSRP_STRMU,17848.67073750079
tr|Q8DSZ8|Q8DSZ8_STRMU,15261.53578073058
tr|Q8DT00|Q8DT00_STRMU,55100.711086744865
tr|Q8DT03|Q8DT03_STRMU,11797.95927770032
tr|Q8DT05|Q8DT05_STRMU,49213.18335631943
tr|Q8DT08|Q8DT08_STRMU,56421.74940067556
tr|Q8DT16|Q8DT16_STRMU,62157.5761077195
tr|Q8DT27|Q8DT27_STRMU,50602.94380579076
tr|Q8DT30|Q8DT30_STRMU,58915.68901425078
tr|Q8DT45|Q8DT45_STRMU,38778.848239495346
tr|Q8DT50|Q8DT50_STRMU,38289.06499100206
tr|Q8DT51|Q8DT51_STRMU,85271.05629901541
tr|Q8DT55|Q8DT55_STRMU,90993.63692607728
tr|Q8DT64|Q8DT64_STRMU,51665.36764500111
sp|Q8DT75|ADDB_STRMU,123715.85441342839
tr|Q8DT80|Q8DT80_STRMU,28702.96104597873
tr|Q8DT88|Q8DT88_STRMU,47298.98168181202
tr|Q8DTA1|Q8DTA1_STRMU,17211.77563846135
tr|Q8DTA6|Q8DTA6_STRMU,60690.574904780464
tr|Q8DTA7|Q8DTA7_STRMU,26759.28072344994
tr|Q8DTA9|Q8DTA9_STRMU,63103.12582585302
tr|Q8DTB3|Q8DTB3_STRMU,61789.76292128114
tr|Q8DTB7|Q8DTB7_STRMU,43081.2677903584
tr|Q8DTC8|Q8DTC8_STRMU,48654.46906330825
tr|Q8DTD0|Q8DTD0_STRMU,44372.07447604717
tr|Q8DTD3|Q8DTD3_STRMU,43464.03031172674
tr|Q8DTE4|Q8DTE4_STRMU,33711.79041091863
sp|Q8DTE5|CAS2_STRMU,12625.45987110903
tr|Q8DTF8|Q8DTF8_STRMU,61934.63719637555
sp|Q8DTG5|LEUD_STRMU,22675.27728807464
tr|Q8DTJ7|Q8DTJ7_STRMU,185385.3639273198
tr|Q8DTK9|Q8DTK9_STRMU,36929.06752433815
tr|Q8DTL0|Q8DTL0_STRMU,26043.05704506937
tr|Q8DTL1|Q8DTL1_STRMU,34749.573947037636
tr|Q8DTL3|Q8DTL3_STRMU,26886.85511633857
tr|Q8DTM0|Q8DTM0_STRMU,94972.81415216855
sp|Q8DTM2|SYN_STRMU,51016.47929333879
sp|Q8DTM7|Y1306_STRMU,33479.42216900982
tr|Q8DTM8|Q8DTM8_STRMU,35744.98642735323
sp|Q8DTM9|WHIA_STRMU,34169.97153111268
tr|Q8DTN0|Q8DTN0_STRMU,53003.87466695594
sp|Q8DTN5|RL31B_STRMU,9297.63970870965
sp|Q8DTN7|Y1296_STRMU,29973.3811089813
tr|Q8DTN9|Q8DTN9_STRMU,16032.429211130211
sp|Q8DTP5|RL19_STRMU,13144.208188369652
sp|Q8DTQ3|EZRA_STRMU,66542.98616046041
sp|Q8DTQ4|HIS8_STRMU,39418.50557122462
sp|Q8DTQ5|HISZ_STRMU,36426.04687263431
sp|Q8DTQ6|HIS1_STRMU,23893.63228055129
sp|Q8DTQ9|HIS7_STRMU,21580.06320919969
sp|Q8DTR2|HIS4_STRMU,25996.562805975787
tr|Q8DTR6|Q8DTR6_STRMU,6679.4629666358
tr|Q8DTS0|Q8DTS0_STRMU,25957.0255417616
tr|Q8DTU4|Q8DTU4_STRMU,28832.92524064434
sp|Q8DTV8|UNG_STRMU,24196.585219383836
tr|Q8DTW3|Q8DTW3_STRMU,23267.70875857132
tr|Q8DTW9|Q8DTW9_STRMU,43659.98455357833
tr|Q8DTX5|Q8DTX5_STRMU,118845.95921731877
tr|Q8DTX7|Q8DTX7_STRMU,54333.13902381661
tr|Q8DTX9|Q8DTX9_STRMU,21281.645734901736
tr|Q8DTY7|Q8DTY7_STRMU,47430.316309962145
tr|Q8DU14|Q8DU14_STRMU,50361.56639067627
sp|Q8DU15|TRUB_STRMU,32938.25579416161
sp|Q8DU17|SPX_STRMU,15958.2172857719
tr|Q8DU19|Q8DU19_STRMU,49168.65279285895
tr|Q8DU20|Q8DU20_STRMU,30876.14757009496
tr|Q8DU21|Q8DU21_STRMU,33644.532055683856
tr|Q8DU22|Q8DU22_STRMU,31753.349707542562
tr|Q8DU25|Q8DU25_STRMU,24759.80739939859
tr|Q8DU28|Q8DU28_STRMU,25459.197749998544
tr|Q8DU29|Q8DU29_STRMU,49837.18019451839
sp|Q8DU30|RS20_STRMU,8547.67356452399
sp|Q8DU31|COAA_STRMU,35715.56524084837
tr|Q8DU35|Q8DU35_STRMU,14036.249657075929
tr|Q8DU55|Q8DU55_STRMU,55752.52949768366
tr|Q8DU58|Q8DU58_STRMU,55028.66110162162
tr|Q8DU61|Q8DU61_STRMU,34762.28655559784
sp|Q8DU62|Y1087_STRMU,6998.64016023547
sp|Q8DU64|RF1_STRMU,40625.60438819422
tr|Q8DU66|Q8DU66_STRMU,21385.56062084694
tr|Q8DU72|Q8DU72_STRMU,63055.9910713736
tr|Q8DU84|Q8DU84_STRMU,45023.46129653091
tr|Q8DU85|Q8DU85_STRMU,63365.94248611564
sp|Q8DU91|REX_STRMU,23819.431983438273
tr|Q8DU99|Q8DU99_STRMU,33823.909465678065
tr|Q8DUA0|Q8DUA0_STRMU,36359.009288129164
tr|Q8DUC1|Q8DUC1_STRMU,55420.51239350984
sp|Q8DUC3|CITD_STRMU,11119.73771499726
sp|Q8DUC9|CITG_STRMU,33919.692901199945
tr|Q8DUD0|Q8DUD0_STRMU,39517.39582937057
tr|Q8DUE2|Q8DUE2_STRMU,32183.05051446818
tr|Q8DUF2|Q8DUF2_STRMU,69233.07656956263
tr|Q8DUF9|Q8DUF9_STRMU,18170.60026841237
tr|Q8DUG0|Q8DUG0_STRMU,13695.155479713962
tr|Q8DUG1|Q8DUG1_STRMU,28600.759849278704
tr|Q8DUG3|Q8DUG3_STRMU,48388.35885321663
sp|Q8DUG4|KHSE_STRMU,30955.22419930039
tr|Q8DUG5|Q8DUG5_STRMU,46390.132888067455
tr|Q8DUG6|Q8DUG6_STRMU,33345.4669024012
sp|Q8DUG9|RL7_STRMU,12405.61913533619
sp|Q8DUH2|RL10_STRMU,17656.39626801151
tr|Q8DUH3|Q8DUH3_STRMU,77138.63234139208
sp|Q8DUH9|ENGB_STRMU,22319.54265994544
tr|Q8DUI2|Q8DUI2_STRMU,19657.958369112803
tr|Q8DUI6|Q8DUI6_STRMU,46366.541231986055
tr|Q8DUJ1|Q8DUJ1_STRMU,34890.74622702269
tr|Q8DUJ9|Q8DUJ9_STRMU,47483.637018606554
tr|Q8DUK8|Q8DUK8_STRMU,17699.78032379295
tr|Q8DUL2|Q8DUL2_STRMU,48202.52674790122
tr|Q8DUM2|Q8DUM2_STRMU,118363.98404075496
tr|Q8DUM7|Q8DUM7_STRMU,60555.434127845496
tr|Q8DUN2|Q8DUN2_STRMU,68012.56798077357
sp|Q8DUN5|FENR_STRMU,37132.18149167889
sp|Q8DUN6|TRMD_STRMU,27480.983898661994
sp|Q8DUN7|RIMM_STRMU,19810.41748286864
tr|Q8DUN8|Q8DUN8_STRMU,8918.887907824579
sp|Q8DUN9|RS16_STRMU,10403.563081615499
sp|Q8DUP7|PYRR_STRMU,19857.64363044151
tr|Q8DUP9|Q8DUP9_STRMU,32833.55718286592
tr|Q8DUQ2|Q8DUQ2_STRMU,19026.47664418997
sp|Q8DUQ4|RL27_STRMU,10414.50611177457
sp|Q8DUQ6|RL21_STRMU,11277.22757333295
tr|Q8DUQ8|Q8DUQ8_STRMU,22586.82580146803
tr|Q8DUR4|Q8DUR4_STRMU,47207.731424033875
tr|Q8DUR5|Q8DUR5_STRMU,48947.66743451463
tr|Q8DUS5|Q8DUS5_STRMU,32392.083606278684
tr|Q8DUS8|Q8DUS8_STRMU,13616.435355796651
tr|Q8DUT7|Q8DUT7_STRMU,80194.85829293469
sp|Q8DUV4|Y788_STRMU,50806.638509770724
tr|Q8DUV5|Q8DUV5_STRMU,52696.45294856682
tr|Q8DUV6|Q8DUV6_STRMU,30909.938143535022
tr|Q8DUW0|Q8DUW0_STRMU,41556.46286972771
tr|Q8DUW6|Q8DUW6_STRMU,81140.6401556429
tr|Q8DUX1|Q8DUX1_STRMU,48761.78442341903
sp|Q8DUX9|SPRTL_STRMU,17103.278071758592
sp|Q8DUY3|TCMPB_STRMU,33252.0849418485
sp|Q8DUY4|TCMPA_STRMU,30819.02027879019
tr|Q8DV08|Q8DV08_STRMU,47698.392899618935
sp|Q8DV20|RL20_STRMU,13742.529286405032
sp|Q8DV21|RL35_STRMU,7831.38727251827
sp|Q8DV22|IF3_STRMU,20090.023702243234
tr|Q8DV28|Q8DV28_STRMU,107127.50982641964
tr|Q8DV42|Q8DV42_STRMU,81427.78342735955
tr|Q8DV43|Q8DV43_STRMU,36764.95331849239
tr|Q8DV48|Q8DV48_STRMU,51779.13439683208
tr|Q8DV59|Q8DV59_STRMU,26753.129568899873
tr|Q8DV71|Q8DV71_STRMU,25692.732382462385
sp|Q8DV72|QUEA_STRMU,38255.851842321405
tr|Q8DV76|Q8DV76_STRMU,39808.625059919614
tr|Q8DV82|Q8DV82_STRMU,34727.29117697257
sp|Q8DV91|RF3_STRMU,58527.43245251883
sp|Q8DV98|FOLT_STRMU,21031.62290050124
sp|Q8DV99|RECR_STRMU,21805.1256389223
tr|Q8DVA3|Q8DVA3_STRMU,18200.17260809079
tr|Q8DVB0|Q8DVB0_STRMU,62700.30731836399
tr|Q8DVB1|Q8DVB1_STRMU,17577.59952305304
sp|Q8DVB4|EX7S_STRMU,8240.09400522544
sp|Q8DVB5|EX7L_STRMU,51115.037046317
sp|Q8DVB6|LYTS_STRMU,64233.79403650283
sp|Q8DVB7|LYTR_STRMU,27895.60030763033
tr|Q8DVC3|Q8DVC3_STRMU,79046.75439934837
sp|Q8DVC9|OTC_STRMU,37120.33750306697
tr|Q8DVD0|Q8DVD0_STRMU,83681.98542396979
sp|Q8DVD7|SEPF_STRMU,21626.79314790952
tr|Q8DVD8|Q8DVD8_STRMU,25394.23927651421
tr|Q8DVE0|Q8DVE0_STRMU,49073.77483656896
tr|Q8DVE1|Q8DVE1_STRMU,42489.31941871287
tr|Q8DVE8|Q8DVE8_STRMU,33614.33899493429
sp|Q8DVF2|TRPA_STRMU,28474.09564073743
sp|Q8DVF3|TRPB_STRMU,43636.052548247855
sp|Q8DVF4|TRPF_STRMU,21299.25157836928
sp|Q8DVF5|TRPC_STRMU,28242.98635018224
tr|Q8DVF8|Q8DVF8_STRMU,51010.243171469796
tr|Q8DVH0|Q8DVH0_STRMU,49903.891039914655
tr|Q8DVI2|Q8DVI2_STRMU,36365.393637371635
tr|Q8DVI3|Q8DVI3_STRMU,31125.960199753023
tr|Q8DVI4|Q8DVI4_STRMU,33457.94867646277
tr|Q8DVI8|Q8DVI8_STRMU,21073.113813623542
tr|Q8DVJ0|Q8DVJ0_STRMU,49437.903997220004
tr|Q8DVJ2|Q8DVJ2_STRMU,32417.07000110512
tr|Q8DVJ3|Q8DVJ3_STRMU,39118.42697166102
tr|Q8DVJ7|Q8DVJ7_STRMU,52569.54785829255
tr|Q8DVJ9|Q8DVJ9_STRMU,38092.37871020296
tr|Q8DVK1|Q8DVK1_STRMU,66872.41041199869
tr|Q8DVK2|Q8DVK2_STRMU,26953.602538504
sp|Q8DVK4|FMT_STRMU,33745.6904608654
sp|Q8DVK5|RPOZ_STRMU,11724.266673815102
sp|Q8DVK6|KGUA_STRMU,24204.454051763678
sp|Q8DVK7|RNY_STRMU,60305.8591611657
sp|Q8DVK8|LUXS_STRMU,17977.264683403802
tr|Q8DVK9|Q8DVK9_STRMU,56828.28013015057
sp|Q8DVL1|GPSB_STRMU,12971.62677406445
tr|Q8DVL4|Q8DVL4_STRMU,77712.92774532658
tr|Q8DVL5|Q8DVL5_STRMU,50540.39422630215
tr|Q8DVL6|Q8DVL6_STRMU,54671.95316536444
tr|Q8DVL7|Q8DVL7_STRMU,33096.65448115852
tr|Q8DVM5|Q8DVM5_STRMU,81664.54842096391
tr|Q8DVM6|Q8DVM6_STRMU,12290.56702968044
sp|Q8DVM7|RSMH_STRMU,35958.93835941152
sp|Q8DVM9|PROA_STRMU,45190.807458919306
tr|Q8DVN9|Q8DVN9_STRMU,42687.33614478406
tr|Q8DVP6|Q8DVP6_STRMU,79602.7930074949
sp|Q8DVP8|RBFA_STRMU,13406.070387274349
sp|Q8DVP9|IF2_STRMU,101476.75193946072
tr|Q8DVQ2|Q8DVQ2_STRMU,45432.71171979406
sp|Q8DVQ3|RIMP_STRMU,18058.57590429469
sp|Q8DVR0|BRPA_STRMU,43882.02939712764
tr|Q8DVR1|Q8DVR1_STRMU,16369.47060822173
sp|Q8DVS3|Y394_STRMU,10997.47265880212
tr|Q8DVT1|Q8DVT1_STRMU,16635.55989833379
sp|Q8DVU6|RPOY_STRMU,9069.62778952993
tr|Q8DVU7|Q8DVU7_STRMU,61312.9966691107
sp|Q8DVU8|Y367_STRMU,22456.491234885776
tr|Q8DVU9|Q8DVU9_STRMU,49923.10246770002
sp|Q8DVV4|EFG_STRMU,76615.80799983085
sp|Q8DVV5|RS7_STRMU,17794.34549144881
tr|Q8DVV9|Q8DVV9_STRMU,23698.89211069383
tr|Q8DVW8|Q8DVW8_STRMU,24349.79459688737
sp|Q8DVX0|RL34_STRMU,5342.098337143149
tr|Q8DVX2|Q8DVX2_STRMU,35996.59135324026
sp|Q8DVX4|RNPA_STRMU,13719.51780363444
sp|Q8DVX5|ARLY_STRMU,51466.744280061204
tr|Q8DVY2|Q8DVY2_STRMU,51076.60069953845
tr|Q8DVY3|Q8DVY3_STRMU,16083.141386436631
tr|Q8DVY5|Q8DVY5_STRMU,20500.54964683358
sp|Q8DVY6|DAPEL_STRMU,41674.01944035805
sp|Q8DVY7|DAPH_STRMU,24091.758021567748
tr|Q8DVY9|Q8DVY9_STRMU,17526.82883099914
tr|Q8DVZ5|Q8DVZ5_STRMU,99393.21858758245
tr|Q8DW04|Q8DW04_STRMU,34095.396389149966
tr|Q8DW05|Q8DW05_STRMU,85043.23895481469
tr|Q8DW16|Q8DW16_STRMU,33776.80532605435
sp|Q8DW17|AGUA_STRMU,41810.653142742696
tr|Q8DW25|Q8DW25_STRMU,60193.85959501947
tr|Q8DW30|Q8DW30_STRMU,45447.071503817635
sp|Q8DW33|MECA_STRMU,28037.808862304442
tr|Q8DW35|Q8DW35_STRMU,57254.3797068704
tr|Q8DW83|Q8DW83_STRMU,35602.23839808936
sp|Q8DW97|RS9_STRMU,14211.711796938282
tr|Q8DW98|Q8DW98_STRMU,16205.688717162131
tr|Q8DWA8|Q8DWA8_STRMU,15990.161016765738
tr|Q8DWB0|Q8DWB0_STRMU,24229.711382663772
sp|Q8DWB3|RS15_STRMU,10526.68026859913
tr|Q8DWB9|Q8DWB9_STRMU,96931.66558402663
tr|Q8DWC5|Q8DWC5_STRMU,44075.83957155071
tr|Q8DWC7|Q8DWC7_STRMU,59695.30502242621
tr|Q8DWD3|Q8DWD3_STRMU,37547.108912665964
tr|Q8DWD4|Q8DWD4_STRMU,61707.9136394328
tr|Q8DWD5|Q8DWD5_STRMU,48642.69594603793
tr|Q8DWD6|Q8DWD6_STRMU,36525.29146439134
sp|Q8DWE0|DPO3_STRMU,165463.29811290957
sp|Q8DWE1|RL28_STRMU,6893.85276825742
tr|Q8DWE3|Q8DWE3_STRMU,31356.58387372545
sp|Q8DWE5|LACD2_STRMU,36535.44307696573
tr|Q8DWG0|Q8DWG0_STRMU,31406.03409895066
sp|Q8DWG2|RPOE_STRMU,22463.9176566953
tr|Q8DWH0|Q8DWH0_STRMU,27665.30382544215
sp|Q8DWH8|Y072_STRMU,9662.93408491646
tr|Q8DWH9|Q8DWH9_STRMU,53916.60967720197
tr|Q8DWI3|Q8DWI3_STRMU,16212.957431902889
tr|Q8DWJ5|Q8DWJ5_STRMU,16872.89143738172
tr|Q8DWJ7|Q8DWJ7_STRMU,44853.1671350939
tr|Q8DWK2|Q8DWK2_STRMU,53942.476615544176
sp|Q8DWL6|PUR7_STRMU,26958.22350504556
tr|Q8DWL8|Q8DWL8_STRMU,9550.78891972106
sp|Q8DWM0|RECO_STRMU,29335.15439316388
tr|Q8DWM1|Q8DWM1_STRMU,43431.65484897665
tr|Q8DWM3|Q8DWM3_STRMU,44593.96366121709
tr|Q8DWM4|Q8DWM4_STRMU,29569.034350225367
sp|Q8DWM9|TILS_STRMU,50382.5784057752
tr|Q8DWN0|Q8DWN0_STRMU,46134.22522545714
tr|Q8DWN4|Q8DWN4_STRMU,133862.48210316902
sp|Q8DWN5|PTH_STRMU,21463.28133697296
tr|Q8DWN6|Q8DWN6_STRMU,41061.33941938296
tr|Q8DWN8|Q8DWN8_STRMU,42048.87998389847
sp|Q8DWN9|DNAA_STRMU,51338.740670127925
sp|Q93D93|HTPX_STRMU,32704.180894098066
sp|Q93D95|RSMG_STRMU,26756.28894628494
sp|Q93D97|Y1934_STRMU,62347.30121533431
sp|Q9XB21|DBH_STRMU,9700.304707507828
tr|I6L8X7|I6L8X7_STRMU,33153.61088954289
tr|I6L8X8|I6L8X8_STRMU,45452.14851424977
tr|I6L8X9|I6L8X9_STRMU,12941.68263878991
tr|I6L8Y1|I6L8Y1_STRMU,23809.279658854128
tr|I6L8Y2|I6L8Y2_STRMU,26296.800544501228
tr|I6L8Y3|I6L8Y3_STRMU,27763.824951777693
tr|I6L8Y4|I6L8Y4_STRMU,71722.60644347838
tr|I6L8Y5|I6L8Y5_STRMU,25019.3446763089
tr|I6L8Y6|I6L8Y6_STRMU,72544.06456004077
tr|I6L8Y8|I6L8Y8_STRMU,31476.21972305664
tr|I6L8Y9|I6L8Y9_STRMU,24673.307054149278
tr|I6L8Z1|I6L8Z1_STRMU,49758.69215862757
tr|I6L8Z2|I6L8Z2_STRMU,5207.805681325251
tr|I6L8Z6|I6L8Z6_STRMU,22155.732232498678
tr|I6L8Z7|I6L8Z7_STRMU,50564.0791260324
tr|I6L8Z8|I6L8Z8_STRMU,28277.783655065632
tr|I6L8Z9|I6L8Z9_STRMU,20511.60571770921
tr|I6L900|I6L900_STRMU,14439.03798210363
tr|I6L901|I6L901_STRMU,75775.63360945547
tr|I6L902|I6L902_STRMU,31783.97165984263
tr|I6L904|I6L904_STRMU,35757.44475560167
tr|I6L907|I6L907_STRMU,27455.41614225921
tr|I6L908|I6L908_STRMU,41022.69504789868
tr|I6L909|I6L909_STRMU,17382.8685870367
tr|I6L910|I6L910_STRMU,9898.02194811137
tr|I6L911|I6L911_STRMU,21402.92757930435
tr|I6L912|I6L912_STRMU,30224.84630883885
tr|I6L913|I6L913_STRMU,12566.499378365479
tr|I6L914|I6L914_STRMU,19792.7951296809
tr|I6L916|I6L916_STRMU,50965.11276803111
tr|I6L917|I6L917_STRMU,7606.98547725755
tr|I6L918|I6L918_STRMU,15686.4049973371
tr|I6L919|I6L919_STRMU,49466.96966690848
tr|I6L924|I6L924_STRMU,20013.257633468947
tr|I6L925|I6L925_STRMU,17668.070685568113
tr|I6L926|I6L926_STRMU,20997.013262680222
tr|I6L929|I6L929_STRMU,18695.40572007721
sp|P10540|LPAS_STRMU,4917.41950474431
sp|P59154|Y1141_STRMU,10615.5057708513
sp|Q02419|YJDM_STRMU,12189.22501152087
tr|Q8CLZ8|Q8CLZ8_STRMU,32578.8629988399
tr|Q8CM14|Q8CM14_STRMU,25866.752772296488
tr|Q8CMD5|Q8CMD5_STRMU,20609.09915406742
tr|Q8CVC4|Q8CVC4_STRMU,34099.239898948785
tr|Q8CVC7|Q8CVC7_STRMU,67416.98105550303
tr|Q8CVC8|Q8CVC8_STRMU,7737.565018811019
tr|Q8CWW7|Q8CWW7_STRMU,34388.725881113714
tr|Q8CWX3|Q8CWX3_STRMU,45281.45061647397
tr|Q8CWX5|Q8CWX5_STRMU,48300.34824278722
tr|Q8CWY1|Q8CWY1_STRMU,91846.42300255728
tr|Q8CWY2|Q8CWY2_STRMU,15095.68624198844
tr|Q8CWY7|Q8CWY7_STRMU,16697.52282090937
tr|Q8CWY8|Q8CWY8_STRMU,53046.84393868236
tr|Q8CWZ2|Q8CWZ2_STRMU,9565.83793181437
tr|Q8CWZ5|Q8CWZ5_STRMU,40481.35417046007
tr|Q8CZF1|Q8CZF1_STRMU,37145.904574279506
tr|Q8DRQ5|Q8DRQ5_STRMU,29623.05769260603
tr|Q8DRQ6|Q8DRQ6_STRMU,43045.190433727075
tr|Q8DRQ8|Q8DRQ8_STRMU,25617.468881387398
tr|Q8DRQ9|Q8DRQ9_STRMU,99632.41195524452
tr|Q8DRR0|Q8DRR0_STRMU,60748.87108596506
tr|Q8DRR4|Q8DRR4_STRMU,13760.64275476701
tr|Q8DRR5|Q8DRR5_STRMU,48713.11495542428
tr|Q8DRR6|Q8DRR6_STRMU,50403.03386858101
tr|Q8DRR7|Q8DRR7_STRMU,35541.93542328656
tr|Q8DRS2|Q8DRS2_STRMU,30452.581819027102
tr|Q8DRS3|Q8DRS3_STRMU,21019.09898256101
tr|Q8DRS5|Q8DRS5_STRMU,23385.978832412977
tr|Q8DRT0|Q8DRT0_STRMU,10449.423681020118
tr|Q8DRT1|Q8DRT1_STRMU,6708.38543423321
tr|Q8DRT2|Q8DRT2_STRMU,21557.025124483902
tr|Q8DRT3|Q8DRT3_STRMU,86723.87146721676
tr|Q8DRT4|Q8DRT4_STRMU,6253.41698986806
tr|Q8DRT5|Q8DRT5_STRMU,35442.56736155311
tr|Q8DRT6|Q8DRT6_STRMU,12708.55900141658
tr|Q8DRT8|Q8DRT8_STRMU,50427.46038924742
tr|Q8DRT9|Q8DRT9_STRMU,28422.4961537056
tr|Q8DRU0|Q8DRU0_STRMU,11011.05568705305
tr|Q8DRU1|Q8DRU1_STRMU,7800.0217861132805
tr|Q8DRU2|Q8DRU2_STRMU,24000.926987623483
tr|Q8DRU3|Q8DRU3_STRMU,10851.680898762299
tr|Q8DRU4|Q8DRU4_STRMU,21461.96923435547
tr|Q8DRU5|Q8DRU5_STRMU,22759.50889505211
tr|Q8DRU6|Q8DRU6_STRMU,35282.1170499382
tr|Q8DRU7|Q8DRU7_STRMU,22677.715135618728
tr|Q8DRU9|Q8DRU9_STRMU,28264.46702964158
tr|Q8DRV0|Q8DRV0_STRMU,15026.97629540211
tr|Q8DRV1|Q8DRV1_STRMU,21164.28411838613
tr|Q8DRV2|Q8DRV2_STRMU,63089.43616036167
tr|Q8DRV3|Q8DRV3_STRMU,43275.500659017256
tr|Q8DRV4|Q8DRV4_STRMU,10233.41011825984
tr|Q8DRV5|Q8DRV5_STRMU,9748.98498997088
tr|Q8DRV6|Q8DRV6_STRMU,4845.6314053613905
tr|Q8DRV8|Q8DRV8_STRMU,67637.4198233059
tr|Q8DRW0|Q8DRW0_STRMU,34907.75420122121
tr|Q8DRW1|Q8DRW1_STRMU,32838.28102995873
tr|Q8DRW4|Q8DRW4_STRMU,8819.92142928575
tr|Q8DRW5|Q8DRW5_STRMU,19557.165606612907
tr|Q8DRW7|Q8DRW7_STRMU,13210.808778261038
tr|Q8DRW9|Q8DRW9_STRMU,5578.87066673392
tr|Q8DRX1|Q8DRX1_STRMU,21833.09701595762
sp|Q8DRX2|CINA_STRMU,45704.17601144552
tr|Q8DRX3|Q8DRX3_STRMU,15040.05157071096
tr|Q8DRX4|Q8DRX4_STRMU,16358.41575439833
tr|Q8DRX5|Q8DRX5_STRMU,17095.393894416702
tr|Q8DRX6|Q8DRX6_STRMU,17176.50722231291
sp|Q8DRX7|Y2079_STRMU,10428.225466679109
sp|Q8DRX9|Y2077_STRMU,11137.139771084201
tr|Q8DRY0|Q8DRY0_STRMU,5201.75220628375
tr|Q8DRY1|Q8DRY1_STRMU,60771.65686396492
tr|Q8DRY3|Q8DRY3_STRMU,5212.87063913734
tr|Q8DRY4|Q8DRY4_STRMU,21079.77207009213
sp|Q8DRY6|Y2070_STRMU,27996.106893549048
tr|Q8DRY8|Q8DRY8_STRMU,36467.95911662665
tr|Q8DRY9|Q8DRY9_STRMU,111331.31421523566
tr|Q8DRZ1|Q8DRZ1_STRMU,106049.60079125405
tr|Q8DRZ2|Q8DRZ2_STRMU,24294.3472416911
tr|Q8DRZ3|Q8DRZ3_STRMU,33373.256624493566
sp|Q8DRZ4|Y2059_STRMU,36332.013561533444
tr|Q8DRZ5|Q8DRZ5_STRMU,31096.77506943221
tr|Q8DRZ7|Q8DRZ7_STRMU,47138.509403006494
tr|Q8DRZ8|Q8DRZ8_STRMU,18604.914040457472
tr|Q8DRZ9|Q8DRZ9_STRMU,18267.601992360673
tr|Q8DS00|Q8DS00_STRMU,3479.00047555317
tr|Q8DS01|Q8DS01_STRMU,7948.222477149119
tr|Q8DS04|Q8DS04_STRMU,5819.02845776984
tr|Q8DS06|Q8DS06_STRMU,31411.79347476248
tr|Q8DS09|Q8DS09_STRMU,36083.13949510309
tr|Q8DS10|Q8DS10_STRMU,71254.76841968657
tr|Q8DS13|Q8DS13_STRMU,17491.18967834662
tr|Q8DS15|Q8DS15_STRMU,26543.54121639046
tr|Q8DS38|Q8DS38_STRMU,50435.538190452135
tr|Q8DS39|Q8DS39_STRMU,19592.97897052835
tr|Q8DS41|Q8DS41_STRMU,16666.80279889266
tr|Q8DS42|Q8DS42_STRMU,26795.53073712346
tr|Q8DS43|Q8DS43_STRMU,29207.309606576826
tr|Q8DS48|Q8DS48_STRMU,15701.325479458219
tr|Q8DS49|Q8DS49_STRMU,35716.54432056882
tr|Q8DS50|Q8DS50_STRMU,32476.453319225147
tr|Q8DS52|Q8DS52_STRMU,16458.66918888898
tr|Q8DS53|Q8DS53_STRMU,10995.05454323905
tr|Q8DS54|Q8DS54_STRMU,16256.530921594362
tr|Q8DS55|Q8DS55_STRMU,14944.807699065652
tr|Q8DS56|Q8DS56_STRMU,36249.94137253319
tr|Q8DS58|Q8DS58_STRMU,9381.95761213209
tr|Q8DS59|Q8DS59_STRMU,16264.02874061535
tr|Q8DS60|Q8DS60_STRMU,24710.82445428761
tr|Q8DS63|Q8DS63_STRMU,11670.93682580997
tr|Q8DS64|Q8DS64_STRMU,12759.53702463389
tr|Q8DS65|Q8DS65_STRMU,22524.82406763893
tr|Q8DS66|Q8DS66_STRMU,16664.06656309911
tr|Q8DS67|Q8DS67_STRMU,13350.93327211336
tr|Q8DS69|Q8DS69_STRMU,35891.24788766544
tr|Q8DS71|Q8DS71_STRMU,25168.18974319451
tr|Q8DS72|Q8DS72_STRMU,49580.44051028183
tr|Q8DS73|Q8DS73_STRMU,15174.59639414507
tr|Q8DS74|Q8DS74_STRMU,18202.37917847873
tr|Q8DS75|Q8DS75_STRMU,29942.694411205386
tr|Q8DS76|Q8DS76_STRMU,30136.82015456009
tr|Q8DS77|Q8DS77_STRMU,11180.0100252169
tr|Q8DS78|Q8DS78_STRMU,64149.84515680413
tr|Q8DS81|Q8DS81_STRMU,6817.74228717006
tr|Q8DS83|Q8DS83_STRMU,25484.875296690072
tr|Q8DS84|Q8DS84_STRMU,30285.7022344579
tr|Q8DS86|Q8DS86_STRMU,29115.221803861998
tr|Q8DS87|Q8DS87_STRMU,98497.95586124221
tr|Q8DS89|Q8DS89_STRMU,45335.418741542046
tr|Q8DS91|Q8DS91_STRMU,23693.30388690453
tr|Q8DS92|Q8DS92_STRMU,23633.89033126365
tr|Q8DS93|Q8DS93_STRMU,29340.096788783292
tr|Q8DS94|Q8DS94_STRMU,50508.53079398566
tr|Q8DS95|Q8DS95_STRMU,7257.35760932742
tr|Q8DS96|Q8DS96_STRMU,15017.549338481931
tr|Q8DS97|Q8DS97_STRMU,6257.51906146486
tr|Q8DS98|Q8DS98_STRMU,16092.054659708549
tr|Q8DS99|Q8DS99_STRMU,15460.645155481321
tr|Q8DSA0|Q8DSA0_STRMU,6298.548662386069
tr|Q8DSA1|Q8DSA1_STRMU,4876.66773130046
tr|Q8DSA2|Q8DSA2_STRMU,6673.19520129326
tr|Q8DSA3|Q8DSA3_STRMU,6255.101365009919
tr|Q8DSA4|Q8DSA4_STRMU,37085.27298886655
tr|Q8DSA5|Q8DSA5_STRMU,5758.28620595747
tr|Q8DSA6|Q8DSA6_STRMU,5441.75405675855
tr|Q8DSA7|Q8DSA7_STRMU,38475.03403746771
tr|Q8DSA8|Q8DSA8_STRMU,4697.421035755669
tr|Q8DSA9|Q8DSA9_STRMU,56077.524409147874
tr|Q8DSB0|Q8DSB0_STRMU,18025.327090061677
tr|Q8DSB1|Q8DSB1_STRMU,10129.93775010521
tr|Q8DSB2|Q8DSB2_STRMU,5826.94635085532
tr|Q8DSB3|Q8DSB3_STRMU,7027.5117397064405
tr|Q8DSB4|Q8DSB4_STRMU,6613.3388928533395
tr|Q8DSB5|Q8DSB5_STRMU,8335.92685492772
tr|Q8DSB6|Q8DSB6_STRMU,7614.08620940342
tr|Q8DSB8|Q8DSB8_STRMU,41710.83632890368
tr|Q8DSB9|Q8DSB9_STRMU,13716.42018068481
tr|Q8DSC0|Q8DSC0_STRMU,12727.83905144798
tr|Q8DSC2|Q8DSC2_STRMU,34209.458988112354
tr|Q8DSC5|Q8DSC5_STRMU,17254.74433930553
tr|Q8DSC9|Q8DSC9_STRMU,11769.190397640352
tr|Q8DSD0|Q8DSD0_STRMU,20879.352500626042
tr|Q8DSD3|Q8DSD3_STRMU,37049.611124179224
tr|Q8DSD5|Q8DSD5_STRMU,7271.457046391561
tr|Q8DSD6|Q8DSD6_STRMU,8811.94773573167
tr|Q8DSD9|Q8DSD9_STRMU,27805.855051915347
tr|Q8DSE0|Q8DSE0_STRMU,26093.30349744196
tr|Q8DSE1|Q8DSE1_STRMU,15847.445933548952
tr|Q8DSE2|Q8DSE2_STRMU,24905.163124310602
tr|Q8DSE3|Q8DSE3_STRMU,36249.65761460907
tr|Q8DSE4|Q8DSE4_STRMU,39674.45178110691
tr|Q8DSE6|Q8DSE6_STRMU,26560.3901856669
tr|Q8DSE8|Q8DSE8_STRMU,14209.239464699862
tr|Q8DSF6|Q8DSF6_STRMU,6072.27956998873
tr|Q8DSF8|Q8DSF8_STRMU,52294.07071890127
tr|Q8DSF9|Q8DSF9_STRMU,16761.76442215465
tr|Q8DSG0|Q8DSG0_STRMU,19142.81589929216
tr|Q8DSG2|Q8DSG2_STRMU,20501.266885088153
tr|Q8DSG7|Q8DSG7_STRMU,6869.58680213966
tr|Q8DSG8|Q8DSG8_STRMU,7727.973332350721
tr|Q8DSG9|Q8DSG9_STRMU,8882.01140518749
tr|Q8DSH0|Q8DSH0_STRMU,26089.87466797644
tr|Q8DSH2|Q8DSH2_STRMU,4141.01834008011
tr|Q8DSH3|Q8DSH3_STRMU,49527.437977461406
tr|Q8DSH4|Q8DSH4_STRMU,33484.72539141631
tr|Q8DSH5|Q8DSH5_STRMU,28333.877709955872
tr|Q8DSH6|Q8DSH6_STRMU,27614.05593654987
tr|Q8DSH7|Q8DSH7_STRMU,3676.91681805035
tr|Q8DSH8|Q8DSH8_STRMU,32706.3214644388
tr|Q8DSH9|Q8DSH9_STRMU,44532.02750353409
tr|Q8DSI0|Q8DSI0_STRMU,23206.09516541122
tr|Q8DSI1|Q8DSI1_STRMU,5695.3512658255195
tr|Q8DSI2|Q8DSI2_STRMU,23423.466667546312
tr|Q8DSI3|Q8DSI3_STRMU,20088.47494693882
tr|Q8DSI4|Q8DSI4_STRMU,41229.89142069496
tr|Q8DSI5|Q8DSI5_STRMU,11527.445170660769
tr|Q8DSI7|Q8DSI7_STRMU,22472.56702641209
tr|Q8DSI9|Q8DSI9_STRMU,28709.89130137852
tr|Q8DSJ0|Q8DSJ0_STRMU,8212.434092624799
tr|Q8DSJ1|Q8DSJ1_STRMU,6373.5322028611
tr|Q8DSJ3|Q8DSJ3_STRMU,28002.273773222078
sp|Q8DSJ4|Y1789_STRMU,25724.815329249643
tr|Q8DSJ5|Q8DSJ5_STRMU,12601.29885552535
tr|Q8DSJ6|Q8DSJ6_STRMU,14079.16237906428
tr|Q8DSJ8|Q8DSJ8_STRMU,45751.773538526395
tr|Q8DSK0|Q8DSK0_STRMU,12278.273090038121
tr|Q8DSK4|Q8DSK4_STRMU,17162.65550843894
tr|Q8DSK5|Q8DSK5_STRMU,9130.7183209801
tr|Q8DSK6|Q8DSK6_STRMU,6782.32965069259
tr|Q8DSK7|Q8DSK7_STRMU,10082.81822030042
tr|Q8DSK8|Q8DSK8_STRMU,36515.83246085573
tr|Q8DSK9|Q8DSK9_STRMU,16215.966741952921
tr|Q8DSL0|Q8DSL0_STRMU,12239.52997342713
tr|Q8DSL2|Q8DSL2_STRMU,11638.21931261652
tr|Q8DSL3|Q8DSL3_STRMU,7407.85825807392
tr|Q8DSL4|Q8DSL4_STRMU,5707.96338081845
tr|Q8DSL5|Q8DSL5_STRMU,38645.08551576461
tr|Q8DSL8|Q8DSL8_STRMU,21856.15353156201
tr|Q8DSL9|Q8DSL9_STRMU,55298.150010008976
tr|Q8DSM0|Q8DSM0_STRMU,33061.54394473337
tr|Q8DSM2|Q8DSM2_STRMU,10638.496307495288
tr|Q8DSM3|Q8DSM3_STRMU,11625.22155103275
tr|Q8DSM4|Q8DSM4_STRMU,15112.990791294369
tr|Q8DSM6|Q8DSM6_STRMU,6112.97277628518
tr|Q8DSM7|Q8DSM7_STRMU,4541.36971590731
tr|Q8DSM9|Q8DSM9_STRMU,24434.71313283214
tr|Q8DSN1|Q8DSN1_STRMU,16621.86417489445
tr|Q8DSN4|Q8DSN4_STRMU,33513.77512725376
tr|Q8DSP2|Q8DSP2_STRMU,118836.83975963513
tr|Q8DSP3|Q8DSP3_STRMU,23098.72397585875
tr|Q8DSP5|Q8DSP5_STRMU,18264.138140946154
tr|Q8DSQ0|Q8DSQ0_STRMU,27180.173445812263
tr|Q8DSQ1|Q8DSQ1_STRMU,19977.46283853691
tr|Q8DSQ2|Q8DSQ2_STRMU,24980.296491659188
tr|Q8DSQ3|Q8DSQ3_STRMU,46297.20520915182
sp|Q8DSQ4|Y1719_STRMU,9336.10278405295
tr|Q8DSQ7|Q8DSQ7_STRMU,19609.66413132224
tr|Q8DSQ8|Q8DSQ8_STRMU,17109.969044399048
sp|Q8DSR1|YIDD_STRMU,9658.14598627761
tr|Q8DSR2|Q8DSR2_STRMU,52852.779253666835
tr|Q8DSR3|Q8DSR3_STRMU,50683.72614141249
tr|Q8DSR5|Q8DSR5_STRMU,30446.03115152466
tr|Q8DSR6|Q8DSR6_STRMU,22157.94473642642
tr|Q8DSR7|Q8DSR7_STRMU,12681.70733522251
tr|Q8DSR9|Q8DSR9_STRMU,24859.504393478423
tr|Q8DSS0|Q8DSS0_STRMU,12615.028192941041
tr|Q8DSS1|Q8DSS1_STRMU,24656.76877280295
tr|Q8DSS2|Q8DSS2_STRMU,35970.25271731092
tr|Q8DSS3|Q8DSS3_STRMU,20464.93198011626
tr|Q8DSS5|Q8DSS5_STRMU,25422.26666879865
tr|Q8DSS6|Q8DSS6_STRMU,35224.995666099225
tr|Q8DSS7|Q8DSS7_STRMU,21604.70682041318
tr|Q8DSS8|Q8DSS8_STRMU,13797.684397566632
tr|Q8DSS9|Q8DSS9_STRMU,24326.11062610854
tr|Q8DST0|Q8DST0_STRMU,19408.995244618913
tr|Q8DST1|Q8DST1_STRMU,38178.54490582511
tr|Q8DST3|Q8DST3_STRMU,59458.645142449386
tr|Q8DST8|Q8DST8_STRMU,16940.12501473963
sp|Q8DST9|Y1670_STRMU,9821.27248550488
tr|Q8DSU0|Q8DSU0_STRMU,41192.15623107967
tr|Q8DSU2|Q8DSU2_STRMU,34047.82976212681
tr|Q8DSU4|Q8DSU4_STRMU,25575.58548796974
tr|Q8DSU5|Q8DSU5_STRMU,24819.28367555242
tr|Q8DSU7|Q8DSU7_STRMU,33562.125369707166
tr|Q8DSU8|Q8DSU8_STRMU,30353.712117739142
sp|Q8DSU9|YABA_STRMU,12977.13503985099
tr|Q8DSV2|Q8DSV2_STRMU,12295.62228526921
tr|Q8DSV4|Q8DSV4_STRMU,5615.75762821097
tr|Q8DSV5|Q8DSV5_STRMU,19103.41751855646
tr|Q8DSV8|Q8DSV8_STRMU,13410.913124190281
tr|Q8DSW0|Q8DSW0_STRMU,9500.584652223872
tr|Q8DSW1|Q8DSW1_STRMU,10413.33448917624
tr|Q8DSW2|Q8DSW2_STRMU,24172.37748324499
tr|Q8DSW3|Q8DSW3_STRMU,33843.02587307338
tr|Q8DSW4|Q8DSW4_STRMU,31460.16866514032
tr|Q8DSW5|Q8DSW5_STRMU,14159.51800774636
tr|Q8DSW6|Q8DSW6_STRMU,23271.77426398523
tr|Q8DSW7|Q8DSW7_STRMU,6916.67071047257
tr|Q8DSW9|Q8DSW9_STRMU,6148.324126709411
tr|Q8DSX0|Q8DSX0_STRMU,7598.97470189183
tr|Q8DSX1|Q8DSX1_STRMU,22319.16797211648
tr|Q8DSX3|Q8DSX3_STRMU,20980.919739134857
tr|Q8DSX4|Q8DSX4_STRMU,12567.31044867153
tr|Q8DSX8|Q8DSX8_STRMU,13764.62729700737
tr|Q8DSY3|Q8DSY3_STRMU,32211.84526600375
sp|Q8DSY5|Y1621_STRMU,8597.13789104617
tr|Q8DSY6|Q8DSY6_STRMU,35735.07987885048
tr|Q8DSY8|Q8DSY8_STRMU,17874.89762334578
tr|Q8DSY9|Q8DSY9_STRMU,19927.88881357942
tr|Q8DSZ1|Q8DSZ1_STRMU,31747.923428341117
tr|Q8DSZ2|Q8DSZ2_STRMU,42454.878698158165
tr|Q8DSZ6|Q8DSZ6_STRMU,61477.86472624769
tr|Q8DSZ7|Q8DSZ7_STRMU,19842.4251150268
tr|Q8DSZ9|Q8DSZ9_STRMU,25623.18106752878
tr|Q8DT01|Q8DT01_STRMU,11470.94355770865
tr|Q8DT02|Q8DT02_STRMU,76697.78519149507
tr|Q8DT04|Q8DT04_STRMU,20685.33281729738
tr|Q8DT06|Q8DT06_STRMU,21212.09186314325
tr|Q8DT07|Q8DT07_STRMU,39785.51136182705
tr|Q8DT09|Q8DT09_STRMU,37685.43834368354
tr|Q8DT10|Q8DT10_STRMU,50085.795112768064
tr|Q8DT11|Q8DT11_STRMU,24690.3725329701
tr|Q8DT13|Q8DT13_STRMU,20836.620235061302
tr|Q8DT14|Q8DT14_STRMU,67304.73853562075
tr|Q8DT15|Q8DT15_STRMU,17941.030829068757
tr|Q8DT17|Q8DT17_STRMU,7559.97148187592
tr|Q8DT19|Q8DT19_STRMU,146701.06725208784
tr|Q8DT20|Q8DT20_STRMU,78236.78191012137
tr|Q8DT21|Q8DT21_STRMU,11083.79135619622
tr|Q8DT22|Q8DT22_STRMU,40698.615364184065
tr|Q8DT25|Q8DT25_STRMU,42298.73958143173
tr|Q8DT26|Q8DT26_STRMU,31164.87945458836
tr|Q8DT28|Q8DT28_STRMU,45145.96113061227
tr|Q8DT29|Q8DT29_STRMU,38078.02768361866
tr|Q8DT32|Q8DT32_STRMU,101846.61541349746
tr|Q8DT33|Q8DT33_STRMU,24191.85733949259
tr|Q8DT34|Q8DT34_STRMU,24022.66642748842
tr|Q8DT35|Q8DT35_STRMU,14716.13826295064
tr|Q8DT36|Q8DT36_STRMU,21849.25656826386
tr|Q8DT37|Q8DT37_STRMU,48165.28700830572
tr|Q8DT39|Q8DT39_STRMU,35637.19682801086
tr|Q8DT40|Q8DT40_STRMU,7157.00640879441
tr|Q8DT41|Q8DT41_STRMU,7376.007629261399
tr|Q8DT42|Q8DT42_STRMU,14442.33384835663
tr|Q8DT43|Q8DT43_STRMU,33054.20956771333
tr|Q8DT44|Q8DT44_STRMU,28118.853567622158
tr|Q8DT46|Q8DT46_STRMU,22402.48276430443
tr|Q8DT47|Q8DT47_STRMU,17969.84187055708
tr|Q8DT48|Q8DT48_STRMU,18787.17102007641
tr|Q8DT54|Q8DT54_STRMU,42308.62376762163
tr|Q8DT56|Q8DT56_STRMU,8074.43356247934
tr|Q8DT58|Q8DT58_STRMU,7105.834884308901
tr|Q8DT59|Q8DT59_STRMU,32111.15963116799
tr|Q8DT60|Q8DT60_STRMU,24221.25514005396
tr|Q8DT61|Q8DT61_STRMU,25896.525339460393
tr|Q8DT62|Q8DT62_STRMU,29936.052266302322
tr|Q8DT63|Q8DT63_STRMU,28933.94733277855
tr|Q8DT65|Q8DT65_STRMU,29675.062843464482
tr|Q8DT67|Q8DT67_STRMU,20021.34600020747
tr|Q8DT68|Q8DT68_STRMU,33877.43274714444
tr|Q8DT69|Q8DT69_STRMU,41698.88617566486
tr|Q8DT70|Q8DT70_STRMU,12762.50212108012
tr|Q8DT71|Q8DT71_STRMU,47805.21122968219
tr|Q8DT72|Q8DT72_STRMU,4460.224352581379
tr|Q8DT73|Q8DT73_STRMU,12626.408804429
tr|Q8DT74|Q8DT74_STRMU,8786.59776361226
tr|Q8DT77|Q8DT77_STRMU,34507.45444022454
tr|Q8DT78|Q8DT78_STRMU,10388.31829407691
tr|Q8DT79|Q8DT79_STRMU,43243.61337492142
tr|Q8DT81|Q8DT81_STRMU,66349.60864895894
tr|Q8DT82|Q8DT82_STRMU,50619.25564414897
tr|Q8DT83|Q8DT83_STRMU,17188.863223084958
tr|Q8DT84|Q8DT84_STRMU,23274.64603342246
tr|Q8DT85|Q8DT85_STRMU,24800.59419445899
tr|Q8DT86|Q8DT86_STRMU,6248.54369598957
tr|Q8DT89|Q8DT89_STRMU,24601.22291852809
tr|Q8DT91|Q8DT91_STRMU,28800.05718122041
tr|Q8DT92|Q8DT92_STRMU,82358.42317221148
tr|Q8DT93|Q8DT93_STRMU,34702.17414285084
tr|Q8DT94|Q8DT94_STRMU,24558.662998984102
tr|Q8DT97|Q8DT97_STRMU,26277.23184159788
tr|Q8DT98|Q8DT98_STRMU,26002.80425451453
tr|Q8DT99|Q8DT99_STRMU,29721.414853831342
tr|Q8DTA0|Q8DTA0_STRMU,40354.959702100066
tr|Q8DTA2|Q8DTA2_STRMU,6629.3522515017
tr|Q8DTA3|Q8DTA3_STRMU,5079.76304575097
tr|Q8DTA4|Q8DTA4_STRMU,43796.173315054846
tr|Q8DTA5|Q8DTA5_STRMU,37840.01719432677
tr|Q8DTA8|Q8DTA8_STRMU,52111.646086569366
tr|Q8DTB0|Q8DTB0_STRMU,35883.41180305752
tr|Q8DTB1|Q8DTB1_STRMU,30810.880419548776
tr|Q8DTB2|Q8DTB2_STRMU,28033.62736147383
tr|Q8DTB4|Q8DTB4_STRMU,30481.27078543178
tr|Q8DTB5|Q8DTB5_STRMU,20570.29359663187
tr|Q8DTB6|Q8DTB6_STRMU,26027.091689661782
tr|Q8DTB8|Q8DTB8_STRMU,30784.34343155692
tr|Q8DTB9|Q8DTB9_STRMU,6054.02637499783
tr|Q8DTC0|Q8DTC0_STRMU,44264.049548950126
tr|Q8DTC1|Q8DTC1_STRMU,72189.85498767685
tr|Q8DTC5|Q8DTC5_STRMU,35258.84996548244
tr|Q8DTC9|Q8DTC9_STRMU,39278.19520585099
tr|Q8DTD1|Q8DTD1_STRMU,21711.508574916203
tr|Q8DTD2|Q8DTD2_STRMU,22952.00017480064
tr|Q8DTD4|Q8DTD4_STRMU,28726.6721945722
tr|Q8DTD5|Q8DTD5_STRMU,23326.75827043119
tr|Q8DTD6|Q8DTD6_STRMU,28369.98430157691
tr|Q8DTD7|Q8DTD7_STRMU,25889.6108452444
tr|Q8DTD8|Q8DTD8_STRMU,93159.3983450423
tr|Q8DTD9|Q8DTD9_STRMU,42075.48711235685
tr|Q8DTE0|Q8DTE0_STRMU,51105.956429459395
tr|Q8DTE1|Q8DTE1_STRMU,33359.99571819791
tr|Q8DTE2|Q8DTE2_STRMU,32256.50201611988
tr|Q8DTE6|Q8DTE6_STRMU,22447.65931256248
tr|Q8DTE7|Q8DTE7_STRMU,14255.31970405624
tr|Q8DTE8|Q8DTE8_STRMU,11774.14231473588
tr|Q8DTE9|Q8DTE9_STRMU,32233.84230966941
tr|Q8DTF0|Q8DTF0_STRMU,9034.50416923994
tr|Q8DTF1|Q8DTF1_STRMU,63311.4403132826
tr|Q8DTF2|Q8DTF2_STRMU,5148.3750350345
tr|Q8DTF4|Q8DTF4_STRMU,31300.84765720885
tr|Q8DTF5|Q8DTF5_STRMU,18116.71212736047
tr|Q8DTF6|Q8DTF6_STRMU,22092.18978886773
tr|Q8DTF7|Q8DTF7_STRMU,25035.5207910955
tr|Q8DTF9|Q8DTF9_STRMU,40775.07123786997
tr|Q8DTG0|Q8DTG0_STRMU,36761.732201779276
tr|Q8DTG6|Q8DTG6_STRMU,20896.887949753258
tr|Q8DTG7|Q8DTG7_STRMU,29419.709975324447
tr|Q8DTG8|Q8DTG8_STRMU,24004.212347863002
tr|Q8DTG9|Q8DTG9_STRMU,7535.18983741455
tr|Q8DTH0|Q8DTH0_STRMU,6984.77237106321
tr|Q8DTH1|Q8DTH1_STRMU,9166.95723982446
tr|Q8DTH2|Q8DTH2_STRMU,24438.193018164457
tr|Q8DTH3|Q8DTH3_STRMU,4585.378685478149
tr|Q8DTH4|Q8DTH4_STRMU,4566.224644448241
tr|Q8DTH5|Q8DTH5_STRMU,22891.08422169443
tr|Q8DTH6|Q8DTH6_STRMU,88501.47218631291
tr|Q8DTH7|Q8DTH7_STRMU,10817.557235986
tr|Q8DTH8|Q8DTH8_STRMU,21992.70956380029
tr|Q8DTH9|Q8DTH9_STRMU,4965.73537445115
tr|Q8DTI0|Q8DTI0_STRMU,4256.39051092154
tr|Q8DTI1|Q8DTI1_STRMU,4168.035250903939
tr|Q8DTI2|Q8DTI2_STRMU,9507.742323303391
tr|Q8DTI3|Q8DTI3_STRMU,11524.012789246739
tr|Q8DTI4|Q8DTI4_STRMU,11784.49878266898
tr|Q8DTI5|Q8DTI5_STRMU,10112.09813054979
tr|Q8DTI6|Q8DTI6_STRMU,5894.93686588412
tr|Q8DTI7|Q8DTI7_STRMU,12583.49285789289
tr|Q8DTI8|Q8DTI8_STRMU,14463.965375494121
tr|Q8DTI9|Q8DTI9_STRMU,22674.67031643763
tr|Q8DTJ0|Q8DTJ0_STRMU,88370.43170139991
tr|Q8DTJ1|Q8DTJ1_STRMU,27984.299779781504
tr|Q8DTJ2|Q8DTJ2_STRMU,72754.74938226037
tr|Q8DTJ3|Q8DTJ3_STRMU,47056.49023538892
tr|Q8DTJ4|Q8DTJ4_STRMU,126745.98815141886
tr|Q8DTJ5|Q8DTJ5_STRMU,313438.2452673226
tr|Q8DTJ6|Q8DTJ6_STRMU,141570.56897624052
tr|Q8DTJ8|Q8DTJ8_STRMU,168152.61472850558
tr|Q8DTJ9|Q8DTJ9_STRMU,42294.30540025551
tr|Q8DTK0|Q8DTK0_STRMU,28933.16448946538
tr|Q8DTK1|Q8DTK1_STRMU,35650.37964214536
tr|Q8DTK2|Q8DTK2_STRMU,35738.47233142636
tr|Q8DTK3|Q8DTK3_STRMU,27433.335894883192
tr|Q8DTK4|Q8DTK4_STRMU,9891.41951825842
tr|Q8DTK5|Q8DTK5_STRMU,21890.51201218423
tr|Q8DTK6|Q8DTK6_STRMU,5406.0965992375495
tr|Q8DTK7|Q8DTK7_STRMU,17951.21488844078
tr|Q8DTK8|Q8DTK8_STRMU,41742.41810292444
tr|Q8DTL2|Q8DTL2_STRMU,23942.85541607955
tr|Q8DTL4|Q8DTL4_STRMU,45723.592073943
tr|Q8DTL5|Q8DTL5_STRMU,27168.935732461403
tr|Q8DTL6|Q8DTL6_STRMU,8757.44303006721
tr|Q8DTL7|Q8DTL7_STRMU,27444.26016427201
tr|Q8DTL8|Q8DTL8_STRMU,25101.0574043084
tr|Q8DTL9|Q8DTL9_STRMU,25697.56384925497
tr|Q8DTM3|Q8DTM3_STRMU,5806.08365159535
tr|Q8DTM4|Q8DTM4_STRMU,40102.304912017215
tr|Q8DTM5|Q8DTM5_STRMU,13552.12420498865
tr|Q8DTM6|Q8DTM6_STRMU,29059.119206506963
tr|Q8DTN1|Q8DTN1_STRMU,57486.76595490001
tr|Q8DTN2|Q8DTN2_STRMU,28465.648229353268
tr|Q8DTN3|Q8DTN3_STRMU,12855.53623445001
tr|Q8DTN4|Q8DTN4_STRMU,11864.42719720778
tr|Q8DTP0|Q8DTP0_STRMU,51569.224537257076
tr|Q8DTP1|Q8DTP1_STRMU,26029.277138968955
tr|Q8DTP2|Q8DTP2_STRMU,10320.42134711803
tr|Q8DTP3|Q8DTP3_STRMU,43930.19664413994
tr|Q8DTP4|Q8DTP4_STRMU,44404.23134283772
tr|Q8DTP6|Q8DTP6_STRMU,13528.24596648421
tr|Q8DTP7|Q8DTP7_STRMU,43321.89398650094
tr|Q8DTP8|Q8DTP8_STRMU,24732.087388483833
tr|Q8DTP9|Q8DTP9_STRMU,21839.24353286672
tr|Q8DTQ0|Q8DTQ0_STRMU,42766.177223447354
tr|Q8DTQ1|Q8DTQ1_STRMU,21348.118747891607
tr|Q8DTR0|Q8DTR0_STRMU,13502.298415556832
tr|Q8DTR5|Q8DTR5_STRMU,51709.67658184169
tr|Q8DTR8|Q8DTR8_STRMU,12108.2457276885
tr|Q8DTR9|Q8DTR9_STRMU,24899.98629848671
tr|Q8DTS1|Q8DTS1_STRMU,6066.114731977909
tr|Q8DTS2|Q8DTS2_STRMU,9655.08457610914
tr|Q8DTS3|Q8DTS3_STRMU,24222.56250541682
tr|Q8DTS4|Q8DTS4_STRMU,16530.43844359482
tr|Q8DTS5|Q8DTS5_STRMU,38699.27616553675
tr|Q8DTS6|Q8DTS6_STRMU,17146.8569426405
tr|Q8DTS7|Q8DTS7_STRMU,10615.316632668939
tr|Q8DTS8|Q8DTS8_STRMU,24518.76735542658
tr|Q8DTT0|Q8DTT0_STRMU,11693.09205314019
tr|Q8DTT1|Q8DTT1_STRMU,21036.68787368014
tr|Q8DTT2|Q8DTT2_STRMU,40847.65298412834
tr|Q8DTT3|Q8DTT3_STRMU,22665.963497425062
tr|Q8DTT4|Q8DTT4_STRMU,51658.580578539484
tr|Q8DTT5|Q8DTT5_STRMU,22590.67190482503
tr|Q8DTT6|Q8DTT6_STRMU,13346.599288043679
tr|Q8DTT7|Q8DTT7_STRMU,30015.5522655464
tr|Q8DTU1|Q8DTU1_STRMU,8077.011709088729
tr|Q8DTU2|Q8DTU2_STRMU,3795.01166192505
tr|Q8DTU3|Q8DTU3_STRMU,18265.17331928344
tr|Q8DTU5|Q8DTU5_STRMU,26576.17650791731
tr|Q8DTU7|Q8DTU7_STRMU,30284.518509439047
tr|Q8DTU8|Q8DTU8_STRMU,34865.80620763632
tr|Q8DTV3|Q8DTV3_STRMU,18685.33709845288
tr|Q8DTV4|Q8DTV4_STRMU,13258.02665490423
tr|Q8DTV5|Q8DTV5_STRMU,52727.14809565964
tr|Q8DTV6|Q8DTV6_STRMU,31837.688279896807
tr|Q8DTV7|Q8DTV7_STRMU,24292.914736284198
tr|Q8DTW1|Q8DTW1_STRMU,52266.44529888124
tr|Q8DTW2|Q8DTW2_STRMU,28262.870495924082
tr|Q8DTW4|Q8DTW4_STRMU,22051.38139572528
tr|Q8DTW5|Q8DTW5_STRMU,19529.54506846084
tr|Q8DTW8|Q8DTW8_STRMU,5885.0713510443
tr|Q8DTX0|Q8DTX0_STRMU,23370.04319944417
tr|Q8DTX1|Q8DTX1_STRMU,23229.732509175818
tr|Q8DTX2|Q8DTX2_STRMU,30660.88002736476
tr|Q8DTX3|Q8DTX3_STRMU,26449.29506232147
tr|Q8DTX4|Q8DTX4_STRMU,14183.295237727241
tr|Q8DTX8|Q8DTX8_STRMU,7973.283286500529
tr|Q8DTY2|Q8DTY2_STRMU,23775.3251641249
tr|Q8DTY3|Q8DTY3_STRMU,23423.514137370952
tr|Q8DTY4|Q8DTY4_STRMU,31325.407939364333
tr|Q8DTY5|Q8DTY5_STRMU,44508.63611140449
tr|Q8DTY8|Q8DTY8_STRMU,27749.92554015836
tr|Q8DTY9|Q8DTY9_STRMU,29380.67427953782
tr|Q8DTZ0|Q8DTZ0_STRMU,26505.58890489503
tr|Q8DTZ1|Q8DTZ1_STRMU,20899.15906241528
tr|Q8DTZ2|Q8DTZ2_STRMU,21274.005826314347
tr|Q8DTZ3|Q8DTZ3_STRMU,25909.3282232094
tr|Q8DTZ4|Q8DTZ4_STRMU,98106.34540215293
tr|Q8DTZ5|Q8DTZ5_STRMU,23812.93909505293
tr|Q8DTZ6|Q8DTZ6_STRMU,65604.39060665366
tr|Q8DTZ7|Q8DTZ7_STRMU,64757.98664862424
tr|Q8DTZ8|Q8DTZ8_STRMU,28559.753675422053
tr|Q8DTZ9|Q8DTZ9_STRMU,39383.104351377995
tr|Q8DU00|Q8DU00_STRMU,6326.11916573535
tr|Q8DU01|Q8DU01_STRMU,48361.556282227335
tr|Q8DU02|Q8DU02_STRMU,124634.51412760979
tr|Q8DU03|Q8DU03_STRMU,13416.76621714614
tr|Q8DU04|Q8DU04_STRMU,17756.60635759639
tr|Q8DU05|Q8DU05_STRMU,11641.83362150112
tr|Q8DU06|Q8DU06_STRMU,35169.73653590132
tr|Q8DU07|Q8DU07_STRMU,8457.54095320333
tr|Q8DU08|Q8DU08_STRMU,52313.14000934727
tr|Q8DU09|Q8DU09_STRMU,27182.25757720159
tr|Q8DU10|Q8DU10_STRMU,27876.55718990121
tr|Q8DU11|Q8DU11_STRMU,28885.511395030222
tr|Q8DU12|Q8DU12_STRMU,7014.59550145883
tr|Q8DU13|Q8DU13_STRMU,26227.024978121928
tr|Q8DU18|Q8DU18_STRMU,25722.97333639886
tr|Q8DU27|Q8DU27_STRMU,9128.33449742284
tr|Q8DU32|Q8DU32_STRMU,22151.34250578052
tr|Q8DU36|Q8DU36_STRMU,36619.21195474976
tr|Q8DU37|Q8DU37_STRMU,55574.67485520529
tr|Q8DU38|Q8DU38_STRMU,38030.343626646056
tr|Q8DU39|Q8DU39_STRMU,33753.25169353619
tr|Q8DU40|Q8DU40_STRMU,43002.180063230764
tr|Q8DU42|Q8DU42_STRMU,15726.883913332511
tr|Q8DU43|Q8DU43_STRMU,30484.76170784617
tr|Q8DU44|Q8DU44_STRMU,45990.49880784914
tr|Q8DU45|Q8DU45_STRMU,30517.64957485862
tr|Q8DU46|Q8DU46_STRMU,21327.466611836036
tr|Q8DU47|Q8DU47_STRMU,22490.621370484067
tr|Q8DU48|Q8DU48_STRMU,23208.40551908149
tr|Q8DU49|Q8DU49_STRMU,15109.69605299318
tr|Q8DU50|Q8DU50_STRMU,55075.019213329244
tr|Q8DU51|Q8DU51_STRMU,40824.54060841411
tr|Q8DU52|Q8DU52_STRMU,35528.7886884929
tr|Q8DU53|Q8DU53_STRMU,18880.836629232428
tr|Q8DU54|Q8DU54_STRMU,27054.39695287108
tr|Q8DU56|Q8DU56_STRMU,24424.86124908596
tr|Q8DU57|Q8DU57_STRMU,53212.82750902061
tr|Q8DU59|Q8DU59_STRMU,46368.777827401536
tr|Q8DU60|Q8DU60_STRMU,22469.88541326182
tr|Q8DU68|Q8DU68_STRMU,37540.22628667817
tr|Q8DU69|Q8DU69_STRMU,23148.09334237764
tr|Q8DU70|Q8DU70_STRMU,65188.342191807285
tr|Q8DU71|Q8DU71_STRMU,65328.89067808118
tr|Q8DU73|Q8DU73_STRMU,20684.83490770613
tr|Q8DU74|Q8DU74_STRMU,25585.746371118563
tr|Q8DU75|Q8DU75_STRMU,19108.73214708055
tr|Q8DU76|Q8DU76_STRMU,31772.57970491076
tr|Q8DU77|Q8DU77_STRMU,20811.14439000768
tr|Q8DU78|Q8DU78_STRMU,17831.45476756962
tr|Q8DU79|Q8DU79_STRMU,32075.62661043399
tr|Q8DU80|Q8DU80_STRMU,29122.35846674067
tr|Q8DU82|Q8DU82_STRMU,26806.07979261436
tr|Q8DU83|Q8DU83_STRMU,23617.56552132081
tr|Q8DU86|Q8DU86_STRMU,20188.98640098586
tr|Q8DU87|Q8DU87_STRMU,28067.528057517564
tr|Q8DU88|Q8DU88_STRMU,4860.59550985006
tr|Q8DU89|Q8DU89_STRMU,23937.65428930705
tr|Q8DU90|Q8DU90_STRMU,26133.03766505324
tr|Q8DU92|Q8DU92_STRMU,13470.10969873851
tr|Q8DU93|Q8DU93_STRMU,39082.37643950294
tr|Q8DU95|Q8DU95_STRMU,21908.62533147209
tr|Q8DU96|Q8DU96_STRMU,4241.18728581483
tr|Q8DU97|Q8DU97_STRMU,26265.68393073808
tr|Q8DUA1|Q8DUA1_STRMU,60816.81082575491
tr|Q8DUA2|Q8DUA2_STRMU,28093.40629474955
tr|Q8DUA3|Q8DUA3_STRMU,27649.34039403631
tr|Q8DUA4|Q8DUA4_STRMU,32758.761898329543
tr|Q8DUA5|Q8DUA5_STRMU,26290.84093567789
tr|Q8DUA6|Q8DUA6_STRMU,33564.269410583176
tr|Q8DUA7|Q8DUA7_STRMU,27081.716149481632
tr|Q8DUA8|Q8DUA8_STRMU,32899.4374721693
tr|Q8DUB0|Q8DUB0_STRMU,44996.099379818086
tr|Q8DUB1|Q8DUB1_STRMU,8016.2775002853205
tr|Q8DUB2|Q8DUB2_STRMU,8977.80502182813
tr|Q8DUB3|Q8DUB3_STRMU,13731.59679865273
tr|Q8DUB4|Q8DUB4_STRMU,39187.53626076667
tr|Q8DUB5|Q8DUB5_STRMU,25407.31637062478
tr|Q8DUB6|Q8DUB6_STRMU,14087.9270951414
tr|Q8DUB7|Q8DUB7_STRMU,15672.31259818416
tr|Q8DUB9|Q8DUB9_STRMU,51454.52233386624
tr|Q8DUC0|Q8DUC0_STRMU,18709.74954396936
tr|Q8DUC4|Q8DUC4_STRMU,4606.50209508612
tr|Q8DUC5|Q8DUC5_STRMU,40063.03879966968
tr|Q8DUC6|Q8DUC6_STRMU,14410.637822692552
tr|Q8DUC7|Q8DUC7_STRMU,50887.41847194199
tr|Q8DUC8|Q8DUC8_STRMU,26574.124166249596
tr|Q8DUD1|Q8DUD1_STRMU,25786.44293818541
tr|Q8DUD2|Q8DUD2_STRMU,28383.10760897356
tr|Q8DUD4|Q8DUD4_STRMU,31312.55511287236
tr|Q8DUD5|Q8DUD5_STRMU,4935.33214629189
tr|Q8DUD6|Q8DUD6_STRMU,10457.837738288721
tr|Q8DUD7|Q8DUD7_STRMU,37660.15596573144
tr|Q8DUD8|Q8DUD8_STRMU,30549.239441296053
tr|Q8DUD9|Q8DUD9_STRMU,36247.44653968803
tr|Q8DUE0|Q8DUE0_STRMU,34970.401831626594
tr|Q8DUE3|Q8DUE3_STRMU,36724.526700963615
tr|Q8DUE4|Q8DUE4_STRMU,14174.383398915032
tr|Q8DUE6|Q8DUE6_STRMU,19050.94650950273
tr|Q8DUE7|Q8DUE7_STRMU,54327.97211142501
tr|Q8DUE8|Q8DUE8_STRMU,18899.239328622738
tr|Q8DUE9|Q8DUE9_STRMU,36024.49087546214
tr|Q8DUF0|Q8DUF0_STRMU,21295.77048110529
tr|Q8DUF1|Q8DUF1_STRMU,32666.88166785174
tr|Q8DUF3|Q8DUF3_STRMU,25942.308045651487
tr|Q8DUF4|Q8DUF4_STRMU,40885.14692586148
tr|Q8DUF5|Q8DUF5_STRMU,29293.499216856137
tr|Q8DUF6|Q8DUF6_STRMU,30012.24896322752
tr|Q8DUG7|Q8DUG7_STRMU,39424.32775124956
tr|Q8DUG8|Q8DUG8_STRMU,19898.24580493252
tr|Q8DUH0|Q8DUH0_STRMU,8540.48014385192
tr|Q8DUH1|Q8DUH1_STRMU,12532.05583883789
tr|Q8DUH4|Q8DUH4_STRMU,19022.800242502562
tr|Q8DUH5|Q8DUH5_STRMU,31600.519790148162
tr|Q8DUH6|Q8DUH6_STRMU,49634.56689490165
tr|Q8DUH7|Q8DUH7_STRMU,35061.64671036788
tr|Q8DUH8|Q8DUH8_STRMU,49909.45164129419
tr|Q8DUI1|Q8DUI1_STRMU,6318.39091587471
tr|Q8DUI3|Q8DUI3_STRMU,30317.72159702894
tr|Q8DUI5|Q8DUI5_STRMU,43556.536358591664
tr|Q8DUI7|Q8DUI7_STRMU,12942.772942319358
tr|Q8DUI8|Q8DUI8_STRMU,24402.15388464345
tr|Q8DUJ0|Q8DUJ0_STRMU,36623.176142772245
tr|Q8DUJ2|Q8DUJ2_STRMU,28339.89961794985
tr|Q8DUJ3|Q8DUJ3_STRMU,25015.91487038626
tr|Q8DUJ4|Q8DUJ4_STRMU,25404.69124622639
tr|Q8DUJ5|Q8DUJ5_STRMU,31843.88414265295
tr|Q8DUJ6|Q8DUJ6_STRMU,37123.25272949136
tr|Q8DUJ7|Q8DUJ7_STRMU,35082.18476914244
tr|Q8DUJ8|Q8DUJ8_STRMU,12751.053960177802
tr|Q8DUK0|Q8DUK0_STRMU,25616.233943946827
tr|Q8DUK1|Q8DUK1_STRMU,24023.24309683007
tr|Q8DUK2|Q8DUK2_STRMU,17607.7704883577
tr|Q8DUK4|Q8DUK4_STRMU,64549.28844547936
tr|Q8DUK5|Q8DUK5_STRMU,66925.91717842522
tr|Q8DUK6|Q8DUK6_STRMU,16710.17445667197
tr|Q8DUL1|Q8DUL1_STRMU,14528.1638625804
tr|Q8DUL3|Q8DUL3_STRMU,18856.65541619218
tr|Q8DUL4|Q8DUL4_STRMU,34128.97889662986
tr|Q8DUL5|Q8DUL5_STRMU,66824.1066995731
tr|Q8DUL6|Q8DUL6_STRMU,65124.56730208094
tr|Q8DUL7|Q8DUL7_STRMU,71121.56900417725
tr|Q8DUM0|Q8DUM0_STRMU,31216.478478691002
tr|Q8DUM1|Q8DUM1_STRMU,14389.3147378151
tr|Q8DUM3|Q8DUM3_STRMU,10715.94607703442
tr|Q8DUM4|Q8DUM4_STRMU,10045.03665249204
tr|Q8DUM5|Q8DUM5_STRMU,44660.879845854695
tr|Q8DUM6|Q8DUM6_STRMU,69740.21383849595
tr|Q8DUM8|Q8DUM8_STRMU,20758.48056796903
tr|Q8DUM9|Q8DUM9_STRMU,40034.80236908846
tr|Q8DUN0|Q8DUN0_STRMU,37923.84763648468
tr|Q8DUN1|Q8DUN1_STRMU,24512.340291534838
tr|Q8DUN3|Q8DUN3_STRMU,68184.75368024908
tr|Q8DUN4|Q8DUN4_STRMU,29384.630853852686
tr|Q8DUP0|Q8DUP0_STRMU,44923.79729284564
tr|Q8DUP1|Q8DUP1_STRMU,26062.66777359321
tr|Q8DUP2|Q8DUP2_STRMU,47688.03663096592
tr|Q8DUP6|Q8DUP6_STRMU,44601.36601781953
tr|Q8DUP8|Q8DUP8_STRMU,21262.60038450939
tr|Q8DUQ1|Q8DUQ1_STRMU,34499.466322899345
tr|Q8DUQ3|Q8DUQ3_STRMU,27359.51885211042
tr|Q8DUQ5|Q8DUQ5_STRMU,12139.07052751173
tr|Q8DUQ7|Q8DUQ7_STRMU,15469.477420632782
tr|Q8DUQ9|Q8DUQ9_STRMU,20817.978962281748
tr|Q8DUR0|Q8DUR0_STRMU,44410.5121476246
tr|Q8DUR2|Q8DUR2_STRMU,41791.04082530505
tr|Q8DUR3|Q8DUR3_STRMU,16000.70423805081
tr|Q8DUR6|Q8DUR6_STRMU,31570.185194748177
tr|Q8DUR7|Q8DUR7_STRMU,60248.902832776585
tr|Q8DUR8|Q8DUR8_STRMU,69039.53761036252
tr|Q8DUR9|Q8DUR9_STRMU,35040.50961763918
tr|Q8DUS0|Q8DUS0_STRMU,96476.37388882249
tr|Q8DUS1|Q8DUS1_STRMU,68304.61424071605
tr|Q8DUS2|Q8DUS2_STRMU,54854.71292020935
tr|Q8DUS3|Q8DUS3_STRMU,36585.87014582267
tr|Q8DUS4|Q8DUS4_STRMU,42094.47809842781
tr|Q8DUS7|Q8DUS7_STRMU,56321.54557971841
tr|Q8DUS9|Q8DUS9_STRMU,29328.71061825677
tr|Q8DUT0|Q8DUT0_STRMU,42631.91551223346
tr|Q8DUT1|Q8DUT1_STRMU,29023.88345928384
tr|Q8DUT2|Q8DUT2_STRMU,18013.047707764163
tr|Q8DUT3|Q8DUT3_STRMU,33448.07741192339
tr|Q8DUT4|Q8DUT4_STRMU,4533.415118005029
tr|Q8DUT5|Q8DUT5_STRMU,12293.57491605099
tr|Q8DUT6|Q8DUT6_STRMU,33986.36847623912
tr|Q8DUT8|Q8DUT8_STRMU,27161.755681468043
tr|Q8DUT9|Q8DUT9_STRMU,47757.58452516473
tr|Q8DUU0|Q8DUU0_STRMU,57633.975304806954
tr|Q8DUU1|Q8DUU1_STRMU,6973.65864675058
tr|Q8DUU3|Q8DUU3_STRMU,9058.19690797129
tr|Q8DUU4|Q8DUU4_STRMU,13313.808718691389
tr|Q8DUU5|Q8DUU5_STRMU,4735.54113380501
tr|Q8DUU6|Q8DUU6_STRMU,8303.152193339749
tr|Q8DUU7|Q8DUU7_STRMU,30600.67440298201
tr|Q8DUU8|Q8DUU8_STRMU,15594.822558945909
tr|Q8DUU9|Q8DUU9_STRMU,14259.12276098816
tr|Q8DUV0|Q8DUV0_STRMU,14318.210898966592
tr|Q8DUV1|Q8DUV1_STRMU,8773.72834296685
tr|Q8DUV2|Q8DUV2_STRMU,9063.80995156435
tr|Q8DUV3|Q8DUV3_STRMU,23135.74654437307
sp|Q8DUV9|Y782_STRMU,12880.607876543181
tr|Q8DUW5|Q8DUW5_STRMU,43654.55597621392
tr|Q8DUW7|Q8DUW7_STRMU,35130.656304709206
tr|Q8DUW9|Q8DUW9_STRMU,79738.02521223895
tr|Q8DUX0|Q8DUX0_STRMU,5002.8278607703205
tr|Q8DUX2|Q8DUX2_STRMU,8119.08160495667
tr|Q8DUX3|Q8DUX3_STRMU,12310.81710088536
tr|Q8DUX4|Q8DUX4_STRMU,47875.723910497356
tr|Q8DUX5|Q8DUX5_STRMU,35454.92572020241
tr|Q8DUX6|Q8DUX6_STRMU,11066.689889948328
tr|Q8DUX7|Q8DUX7_STRMU,16879.63827815167
tr|Q8DUX8|Q8DUX8_STRMU,11602.99428564829
tr|Q8DUY0|Q8DUY0_STRMU,79070.45807764868
tr|Q8DUY1|Q8DUY1_STRMU,3808.0267028525
tr|Q8DUY2|Q8DUY2_STRMU,6561.4868007633795
tr|Q8DUY5|Q8DUY5_STRMU,49981.27445902486
tr|Q8DUY6|Q8DUY6_STRMU,30364.948242030132
tr|Q8DUY7|Q8DUY7_STRMU,31445.15836050577
tr|Q8DUY8|Q8DUY8_STRMU,41405.20530945736
tr|Q8DUY9|Q8DUY9_STRMU,53709.86530687847
tr|Q8DUZ0|Q8DUZ0_STRMU,5272.99052650466
tr|Q8DUZ1|Q8DUZ1_STRMU,45859.0479744084
tr|Q8DUZ2|Q8DUZ2_STRMU,17189.74345281869
tr|Q8DUZ3|Q8DUZ3_STRMU,16267.542406858549
tr|Q8DUZ4|Q8DUZ4_STRMU,24658.261839979572
tr|Q8DUZ5|Q8DUZ5_STRMU,27786.47227066624
tr|Q8DUZ6|Q8DUZ6_STRMU,7763.126310751471
tr|Q8DUZ7|Q8DUZ7_STRMU,32168.90581092952
tr|Q8DUZ8|Q8DUZ8_STRMU,15289.89817313978
tr|Q8DUZ9|Q8DUZ9_STRMU,36055.23052924677
tr|Q8DV00|Q8DV00_STRMU,28669.86475966471
tr|Q8DV01|Q8DV01_STRMU,97235.12768268582
tr|Q8DV02|Q8DV02_STRMU,6889.516329263461
tr|Q8DV03|Q8DV03_STRMU,15397.865409734062
tr|Q8DV04|Q8DV04_STRMU,31982.570161497726
tr|Q8DV05|Q8DV05_STRMU,51018.91746753814
tr|Q8DV06|Q8DV06_STRMU,29792.51242991817
tr|Q8DV07|Q8DV07_STRMU,46611.030250253636
tr|Q8DV11|Q8DV11_STRMU,14389.66065142238
tr|Q8DV12|Q8DV12_STRMU,19442.66970563428
tr|Q8DV13|Q8DV13_STRMU,31514.207067281302
tr|Q8DV14|Q8DV14_STRMU,22661.34494126149
tr|Q8DV15|Q8DV15_STRMU,37600.04709427365
tr|Q8DV16|Q8DV16_STRMU,30440.75352360564
tr|Q8DV17|Q8DV17_STRMU,17299.6812830629
tr|Q8DV18|Q8DV18_STRMU,13177.361003261902
tr|Q8DV19|Q8DV19_STRMU,23815.468552032427
tr|Q8DV24|Q8DV24_STRMU,17220.419886108117
tr|Q8DV25|Q8DV25_STRMU,6960.52094172985
tr|Q8DV26|Q8DV26_STRMU,19093.553804657953
tr|Q8DV27|Q8DV27_STRMU,21554.7486932448
tr|Q8DV29|Q8DV29_STRMU,19507.08479681837
tr|Q8DV30|Q8DV30_STRMU,5077.68068113627
tr|Q8DV31|Q8DV31_STRMU,15488.751312369728
tr|Q8DV32|Q8DV32_STRMU,26037.17932040412
tr|Q8DV33|Q8DV33_STRMU,126459.66221173463
tr|Q8DV34|Q8DV34_STRMU,99111.05291410838
tr|Q8DV35|Q8DV35_STRMU,6779.549279542401
tr|Q8DV36|Q8DV36_STRMU,12621.32792833935
tr|Q8DV37|Q8DV37_STRMU,32644.47869360488
tr|Q8DV38|Q8DV38_STRMU,31535.04226139891
tr|Q8DV39|Q8DV39_STRMU,15557.936613079863
tr|Q8DV40|Q8DV40_STRMU,31192.37770510288
tr|Q8DV41|Q8DV41_STRMU,8423.27443373075
tr|Q8DV46|Q8DV46_STRMU,25639.25012980537
tr|Q8DV47|Q8DV47_STRMU,9188.94210282244
tr|Q8DV49|Q8DV49_STRMU,25198.26632612585
tr|Q8DV50|Q8DV50_STRMU,32309.44652646264
tr|Q8DV51|Q8DV51_STRMU,27668.12445032521
tr|Q8DV52|Q8DV52_STRMU,19488.70838255878
tr|Q8DV53|Q8DV53_STRMU,9603.08821166306
tr|Q8DV54|Q8DV54_STRMU,26035.79338964434
tr|Q8DV55|Q8DV55_STRMU,36754.0686719805
tr|Q8DV56|Q8DV56_STRMU,28145.975321492828
tr|Q8DV57|Q8DV57_STRMU,36699.236764351
tr|Q8DV58|Q8DV58_STRMU,19444.925169453312
tr|Q8DV60|Q8DV60_STRMU,23488.25492839948
tr|Q8DV61|Q8DV61_STRMU,69680.80740439342
tr|Q8DV62|Q8DV62_STRMU,36697.68671092115
tr|Q8DV63|Q8DV63_STRMU,33745.2705432222
tr|Q8DV64|Q8DV64_STRMU,10955.55486338538
tr|Q8DV65|Q8DV65_STRMU,35584.90568407146
tr|Q8DV66|Q8DV66_STRMU,51740.389361412934
tr|Q8DV67|Q8DV67_STRMU,18904.468466252547
tr|Q8DV68|Q8DV68_STRMU,26616.99407176111
tr|Q8DV69|Q8DV69_STRMU,19288.71785452314
tr|Q8DV73|Q8DV73_STRMU,46991.354657809396
tr|Q8DV74|Q8DV74_STRMU,17485.3998163992
tr|Q8DV75|Q8DV75_STRMU,28488.86976732637
tr|Q8DV77|Q8DV77_STRMU,39583.78580093743
tr|Q8DV78|Q8DV78_STRMU,23489.48675370613
tr|Q8DV79|Q8DV79_STRMU,85491.17370305376
tr|Q8DV80|Q8DV80_STRMU,24444.987054203917
tr|Q8DV81|Q8DV81_STRMU,29032.18156250353
tr|Q8DV83|Q8DV83_STRMU,19457.73540004199
tr|Q8DV84|Q8DV84_STRMU,38740.596863667924
tr|Q8DV85|Q8DV85_STRMU,5951.14968254984
tr|Q8DV86|Q8DV86_STRMU,10956.07118600482
tr|Q8DV87|Q8DV87_STRMU,8023.730689347401
tr|Q8DV88|Q8DV88_STRMU,5281.831114952909
tr|Q8DV89|Q8DV89_STRMU,9411.45729570051
tr|Q8DV92|Q8DV92_STRMU,26545.27080787391
tr|Q8DV93|Q8DV93_STRMU,48526.71155453746
tr|Q8DV94|Q8DV94_STRMU,21571.038557591637
tr|Q8DV95|Q8DV95_STRMU,10195.364573369381
tr|Q8DV97|Q8DV97_STRMU,34152.672624752144
tr|Q8DVA0|Q8DVA0_STRMU,75112.49912728771
tr|Q8DVA2|Q8DVA2_STRMU,6097.35179597098
tr|Q8DVA4|Q8DVA4_STRMU,25032.853685416518
tr|Q8DVA5|Q8DVA5_STRMU,42578.650758325355
tr|Q8DVA6|Q8DVA6_STRMU,7868.2171743612
tr|Q8DVA7|Q8DVA7_STRMU,22558.06674655846
tr|Q8DVA8|Q8DVA8_STRMU,32301.80150369881
tr|Q8DVA9|Q8DVA9_STRMU,30221.12055873777
tr|Q8DVB2|Q8DVB2_STRMU,30527.01724784111
tr|Q8DVB3|Q8DVB3_STRMU,31642.745042688144
tr|Q8DVB8|Q8DVB8_STRMU,17018.55120218069
tr|Q8DVB9|Q8DVB9_STRMU,25518.270181653883
tr|Q8DVC2|Q8DVC2_STRMU,5444.70718994458
tr|Q8DVC4|Q8DVC4_STRMU,17764.491037426833
tr|Q8DVC5|Q8DVC5_STRMU,26888.86870963311
tr|Q8DVC6|Q8DVC6_STRMU,25339.729823288537
tr|Q8DVC7|Q8DVC7_STRMU,32608.873563523597
tr|Q8DVC8|Q8DVC8_STRMU,8782.32107701122
tr|Q8DVD1|Q8DVD1_STRMU,19837.62550520368
tr|Q8DVD2|Q8DVD2_STRMU,12556.76529307786
tr|Q8DVD4|Q8DVD4_STRMU,30803.39211122368
tr|Q8DVD5|Q8DVD5_STRMU,30298.173770097703
tr|Q8DVD6|Q8DVD6_STRMU,10188.887618968429
tr|Q8DVE4|Q8DVE4_STRMU,9602.38723464757
tr|Q8DVE6|Q8DVE6_STRMU,5632.9817952124195
tr|Q8DVE7|Q8DVE7_STRMU,14958.062823522581
tr|Q8DVE9|Q8DVE9_STRMU,8343.42792957011
tr|Q8DVF0|Q8DVF0_STRMU,19576.76404947543
tr|Q8DVF1|Q8DVF1_STRMU,24828.453395287113
tr|Q8DVF7|Q8DVF7_STRMU,20705.51999526179
tr|Q8DVF9|Q8DVF9_STRMU,11696.3757282853
tr|Q8DVG0|Q8DVG0_STRMU,27620.83361942378
tr|Q8DVG1|Q8DVG1_STRMU,3980.32241427838
tr|Q8DVG2|Q8DVG2_STRMU,10655.40229395254
tr|Q8DVG3|Q8DVG3_STRMU,38067.69837839281
tr|Q8DVG4|Q8DVG4_STRMU,33698.12494818777
tr|Q8DVG5|Q8DVG5_STRMU,66037.828786606
tr|Q8DVG6|Q8DVG6_STRMU,66072.43180320338
tr|Q8DVG7|Q8DVG7_STRMU,20673.1438965225
tr|Q8DVG9|Q8DVG9_STRMU,22159.319926431242
tr|Q8DVH1|Q8DVH1_STRMU,37957.04515452277
tr|Q8DVH3|Q8DVH3_STRMU,19960.50647498782
tr|Q8DVH4|Q8DVH4_STRMU,67700.64999599931
tr|Q8DVH5|Q8DVH5_STRMU,22051.248184031636
tr|Q8DVH6|Q8DVH6_STRMU,8105.864203421141
tr|Q8DVH7|Q8DVH7_STRMU,16966.97033932542
tr|Q8DVH8|Q8DVH8_STRMU,23442.107275696024
tr|Q8DVH9|Q8DVH9_STRMU,40826.000461796575
tr|Q8DVI0|Q8DVI0_STRMU,30490.706565570672
tr|Q8DVI1|Q8DVI1_STRMU,28427.256681568724
tr|Q8DVI5|Q8DVI5_STRMU,22521.587757324818
tr|Q8DVI6|Q8DVI6_STRMU,63176.177107935284
tr|Q8DVI7|Q8DVI7_STRMU,40098.276014652765
tr|Q8DVI9|Q8DVI9_STRMU,26000.126698209187
tr|Q8DVJ1|Q8DVJ1_STRMU,23375.204426031592
tr|Q8DVJ4|Q8DVJ4_STRMU,23766.38949240626
tr|Q8DVJ5|Q8DVJ5_STRMU,27900.55752517554
tr|Q8DVJ6|Q8DVJ6_STRMU,29858.948237569883
tr|Q8DVJ8|Q8DVJ8_STRMU,24053.666595839488
tr|Q8DVK0|Q8DVK0_STRMU,30920.634513288438
tr|Q8DVL0|Q8DVL0_STRMU,43558.657304645
sp|Q8DVL2|Y470_STRMU,20839.310739091172
tr|Q8DVL8|Q8DVL8_STRMU,8427.81578260411
tr|Q8DVL9|Q8DVL9_STRMU,27673.550488858513
tr|Q8DVM0|Q8DVM0_STRMU,29263.014933815954
tr|Q8DVM1|Q8DVM1_STRMU,30490.523967944217
tr|Q8DVM3|Q8DVM3_STRMU,6541.526363801699
tr|Q8DVM8|Q8DVM8_STRMU,4064.33132881142
tr|Q8DVN1|Q8DVN1_STRMU,14207.14818555212
sp|Q8DVN2|Y447_STRMU,9873.232498608919
tr|Q8DVN3|Q8DVN3_STRMU,3874.9896061511295
sp|Q8DVN4|Y442_STRMU,15966.915328812309
tr|Q8DVN5|Q8DVN5_STRMU,17291.09036276002
tr|Q8DVN6|Q8DVN6_STRMU,15739.73229337092
tr|Q8DVN7|Q8DVN7_STRMU,23386.13677252302
tr|Q8DVN8|Q8DVN8_STRMU,159219.1830949309
tr|Q8DVP0|Q8DVP0_STRMU,15140.40950804752
tr|Q8DVP1|Q8DVP1_STRMU,16984.818300038038
tr|Q8DVP2|Q8DVP2_STRMU,31900.07148849135
tr|Q8DVP3|Q8DVP3_STRMU,32150.6405923647
tr|Q8DVP4|Q8DVP4_STRMU,18340.0201565761
tr|Q8DVP5|Q8DVP5_STRMU,30329.412668858742
tr|Q8DVP7|Q8DVP7_STRMU,7224.422183729929
tr|Q8DVQ0|Q8DVQ0_STRMU,10943.935173465701
tr|Q8DVQ1|Q8DVQ1_STRMU,11314.227530846641
tr|Q8DVQ5|Q8DVQ5_STRMU,30399.71635351068
tr|Q8DVQ6|Q8DVQ6_STRMU,40545.68286722027
tr|Q8DVQ7|Q8DVQ7_STRMU,26669.036079676553
tr|Q8DVQ8|Q8DVQ8_STRMU,15559.914027160481
tr|Q8DVQ9|Q8DVQ9_STRMU,11610.110237275201
tr|Q8DVR2|Q8DVR2_STRMU,49831.84949365569
tr|Q8DVR3|Q8DVR3_STRMU,23251.54085965487
tr|Q8DVR4|Q8DVR4_STRMU,31148.372661908765
tr|Q8DVR5|Q8DVR5_STRMU,15636.55417871368
tr|Q8DVR6|Q8DVR6_STRMU,12056.73639548502
tr|Q8DVR8|Q8DVR8_STRMU,16432.514260151078
tr|Q8DVR9|Q8DVR9_STRMU,35812.7192542817
tr|Q8DVS0|Q8DVS0_STRMU,28979.919980342733
tr|Q8DVS1|Q8DVS1_STRMU,30670.20461469526
tr|Q8DVS4|Q8DVS4_STRMU,19734.362056745922
tr|Q8DVS5|Q8DVS5_STRMU,42228.262820629454
tr|Q8DVS6|Q8DVS6_STRMU,19254.31078669804
tr|Q8DVS7|Q8DVS7_STRMU,5610.679905842119
tr|Q8DVS8|Q8DVS8_STRMU,12019.966819277492
tr|Q8DVS9|Q8DVS9_STRMU,24920.20234029963
tr|Q8DVT2|Q8DVT2_STRMU,24999.28544718062
tr|Q8DVT3|Q8DVT3_STRMU,17189.18244026664
tr|Q8DVT4|Q8DVT4_STRMU,39552.45673683481
tr|Q8DVT5|Q8DVT5_STRMU,31989.239109054157
tr|Q8DVT6|Q8DVT6_STRMU,34985.21643137583
tr|Q8DVT7|Q8DVT7_STRMU,4603.31898124221
tr|Q8DVT8|Q8DVT8_STRMU,8965.09459356404
tr|Q8DVT9|Q8DVT9_STRMU,46898.94177573915
tr|Q8DVU0|Q8DVU0_STRMU,35908.24702799865
tr|Q8DVU1|Q8DVU1_STRMU,26735.72655974226
tr|Q8DVU2|Q8DVU2_STRMU,28815.653820626292
tr|Q8DVU3|Q8DVU3_STRMU,45189.24976792202
tr|Q8DVU4|Q8DVU4_STRMU,26535.80232019493
tr|Q8DVU5|Q8DVU5_STRMU,30836.288780428364
tr|Q8DVV0|Q8DVV0_STRMU,14299.537582737681
tr|Q8DVV1|Q8DVV1_STRMU,19296.5015880379
tr|Q8DVV6|Q8DVV6_STRMU,29418.620095570313
tr|Q8DVV7|Q8DVV7_STRMU,37069.70235207694
tr|Q8DVV8|Q8DVV8_STRMU,48223.049613747266
tr|Q8DVW2|Q8DVW2_STRMU,15104.21620053336
tr|Q8DVW3|Q8DVW3_STRMU,16964.5375147768
tr|Q8DVW4|Q8DVW4_STRMU,23428.87816436861
tr|Q8DVW5|Q8DVW5_STRMU,12202.470891623441
tr|Q8DVW6|Q8DVW6_STRMU,9689.78233530233
tr|Q8DVW7|Q8DVW7_STRMU,19948.817960448978
tr|Q8DVW9|Q8DVW9_STRMU,34000.238885376035
tr|Q8DVX1|Q8DVX1_STRMU,22809.70422403037
tr|Q8DVX6|Q8DVX6_STRMU,45092.794305159936
tr|Q8DVX7|Q8DVX7_STRMU,20030.02320218795
tr|Q8DVX8|Q8DVX8_STRMU,19797.374866571306
tr|Q8DVY0|Q8DVY0_STRMU,25513.80066137389
tr|Q8DVY1|Q8DVY1_STRMU,18215.32934481718
tr|Q8DVY4|Q8DVY4_STRMU,24787.315255296056
tr|Q8DVY8|Q8DVY8_STRMU,5494.034512043109
tr|Q8DVZ0|Q8DVZ0_STRMU,28746.4836506368
tr|Q8DVZ1|Q8DVZ1_STRMU,38373.00753098664
tr|Q8DVZ2|Q8DVZ2_STRMU,22020.33220332885
tr|Q8DVZ4|Q8DVZ4_STRMU,16085.347477929132
tr|Q8DVZ6|Q8DVZ6_STRMU,36042.53182498028
tr|Q8DVZ7|Q8DVZ7_STRMU,14800.315254032561
tr|Q8DVZ8|Q8DVZ8_STRMU,19122.89138431057
tr|Q8DVZ9|Q8DVZ9_STRMU,19194.42314411852
tr|Q8DW00|Q8DW00_STRMU,37930.04788907314
tr|Q8DW02|Q8DW02_STRMU,41836.76482078824
tr|Q8DW03|Q8DW03_STRMU,64492.423173294635
tr|Q8DW06|Q8DW06_STRMU,6437.83599395622
tr|Q8DW07|Q8DW07_STRMU,15435.47084754439
tr|Q8DW08|Q8DW08_STRMU,7277.4190554121
tr|Q8DW09|Q8DW09_STRMU,9472.62707833728
tr|Q8DW10|Q8DW10_STRMU,8266.41066148374
tr|Q8DW11|Q8DW11_STRMU,4244.26424777926
tr|Q8DW12|Q8DW12_STRMU,8134.96015241131
tr|Q8DW13|Q8DW13_STRMU,6154.20727407895
tr|Q8DW18|Q8DW18_STRMU,49570.759412210195
tr|Q8DW20|Q8DW20_STRMU,37599.918596181196
tr|Q8DW21|Q8DW21_STRMU,22370.35470806339
tr|Q8DW22|Q8DW22_STRMU,39146.95389669023
tr|Q8DW23|Q8DW23_STRMU,36895.987582570604
tr|Q8DW24|Q8DW24_STRMU,33431.066171330815
tr|Q8DW27|Q8DW27_STRMU,29265.02852145082
tr|Q8DW28|Q8DW28_STRMU,52841.17311308755
tr|Q8DW29|Q8DW29_STRMU,15650.80170202379
tr|Q8DW31|Q8DW31_STRMU,46107.84521526332
tr|Q8DW32|Q8DW32_STRMU,28262.499294730274
tr|Q8DW34|Q8DW34_STRMU,48319.3694901661
tr|Q8DW36|Q8DW36_STRMU,27604.641552792382
tr|Q8DW37|Q8DW37_STRMU,22627.11850824723
tr|Q8DW38|Q8DW38_STRMU,26226.77118275805
tr|Q8DW39|Q8DW39_STRMU,45110.411304110385
tr|Q8DW40|Q8DW40_STRMU,24677.28634614592
tr|Q8DW41|Q8DW41_STRMU,33010.53644304485
tr|Q8DW46|Q8DW46_STRMU,59640.122443114975
tr|Q8DW47|Q8DW47_STRMU,13081.812466659148
tr|Q8DW48|Q8DW48_STRMU,21500.725931927172
tr|Q8DW49|Q8DW49_STRMU,21390.096643649988
tr|Q8DW50|Q8DW50_STRMU,4340.24765422526
tr|Q8DW51|Q8DW51_STRMU,17117.74276702901
tr|Q8DW52|Q8DW52_STRMU,3955.0164725219693
tr|Q8DW53|Q8DW53_STRMU,7527.03268515015
tr|Q8DW54|Q8DW54_STRMU,21034.150020423313
tr|Q8DW55|Q8DW55_STRMU,17122.64802301666
tr|Q8DW56|Q8DW56_STRMU,16870.887638163942
tr|Q8DW57|Q8DW57_STRMU,13579.074720569999
tr|Q8DW58|Q8DW58_STRMU,19820.18610069658
tr|Q8DW59|Q8DW59_STRMU,12183.30559355005
tr|Q8DW60|Q8DW60_STRMU,7373.670199604059
tr|Q8DW61|Q8DW61_STRMU,12166.363689966282
tr|Q8DW62|Q8DW62_STRMU,7833.00773335561
tr|Q8DW63|Q8DW63_STRMU,10021.15290724312
tr|Q8DW64|Q8DW64_STRMU,16618.77043862882
tr|Q8DW65|Q8DW65_STRMU,12023.24579382825
tr|Q8DW66|Q8DW66_STRMU,15784.270040857038
tr|Q8DW67|Q8DW67_STRMU,66045.31108739828
tr|Q8DW68|Q8DW68_STRMU,48482.355373306935
tr|Q8DW69|Q8DW69_STRMU,15958.55609313462
tr|Q8DW70|Q8DW70_STRMU,10396.33309219391
tr|Q8DW71|Q8DW71_STRMU,4977.3492699913495
tr|Q8DW72|Q8DW72_STRMU,18304.086879073267
tr|Q8DW73|Q8DW73_STRMU,37366.16997971755
tr|Q8DW74|Q8DW74_STRMU,8142.39939377166
tr|Q8DW75|Q8DW75_STRMU,14890.16139843706
tr|Q8DW76|Q8DW76_STRMU,98020.13608024662
tr|Q8DW77|Q8DW77_STRMU,91964.42941587193
tr|Q8DW78|Q8DW78_STRMU,39869.83193690878
tr|Q8DW79|Q8DW79_STRMU,10178.17407237137
tr|Q8DW80|Q8DW80_STRMU,6994.95006517351
tr|Q8DW81|Q8DW81_STRMU,45607.86544670948
tr|Q8DW82|Q8DW82_STRMU,7731.21109249135
tr|Q8DW84|Q8DW84_STRMU,5356.37556139218
tr|Q8DW85|Q8DW85_STRMU,29959.62183037187
tr|Q8DW86|Q8DW86_STRMU,26776.065398933417
tr|Q8DW87|Q8DW87_STRMU,35739.00586196308
tr|Q8DW89|Q8DW89_STRMU,22010.327053846908
tr|Q8DW90|Q8DW90_STRMU,31948.323221425962
tr|Q8DW91|Q8DW91_STRMU,46342.19156978985
tr|Q8DW92|Q8DW92_STRMU,5686.838817038601
tr|Q8DW93|Q8DW93_STRMU,4946.52918922232
tr|Q8DW94|Q8DW94_STRMU,30577.184357773098
tr|Q8DW95|Q8DW95_STRMU,12632.62405909102
tr|Q8DW96|Q8DW96_STRMU,9235.82240701555
tr|Q8DW99|Q8DW99_STRMU,7100.761731920131
tr|Q8DWA0|Q8DWA0_STRMU,16956.962211343838
tr|Q8DWA1|Q8DWA1_STRMU,19386.42477718584
tr|Q8DWA2|Q8DWA2_STRMU,31032.4104265724
tr|Q8DWA3|Q8DWA3_STRMU,27313.370906318953
tr|Q8DWA4|Q8DWA4_STRMU,21235.255349990483
tr|Q8DWA5|Q8DWA5_STRMU,37204.57444338889
tr|Q8DWA6|Q8DWA6_STRMU,28898.9070646736
tr|Q8DWA7|Q8DWA7_STRMU,34348.161989706714
tr|Q8DWB1|Q8DWB1_STRMU,28133.202826832392
tr|Q8DWB4|Q8DWB4_STRMU,3790.12529469496
tr|Q8DWB5|Q8DWB5_STRMU,16082.270212363448
tr|Q8DWB6|Q8DWB6_STRMU,8209.8812079813
tr|Q8DWB7|Q8DWB7_STRMU,6686.244125631631
tr|Q8DWB8|Q8DWB8_STRMU,11604.96050050555
tr|Q8DWC0|Q8DWC0_STRMU,43500.08932394292
tr|Q8DWC1|Q8DWC1_STRMU,24723.57348192378
tr|Q8DWC3|Q8DWC3_STRMU,25975.66481013866
tr|Q8DWC4|Q8DWC4_STRMU,47401.42996638549
tr|Q8DWC6|Q8DWC6_STRMU,34127.0945139036
tr|Q8DWC8|Q8DWC8_STRMU,13696.263724723329
tr|Q8DWC9|Q8DWC9_STRMU,34407.46277387921
tr|Q8DWD0|Q8DWD0_STRMU,25221.24839296556
tr|Q8DWD1|Q8DWD1_STRMU,50313.7705396849
tr|Q8DWD2|Q8DWD2_STRMU,41360.31647151383
tr|Q8DWD7|Q8DWD7_STRMU,36427.28675940977
tr|Q8DWD8|Q8DWD8_STRMU,20298.42090903472
tr|Q8DWD9|Q8DWD9_STRMU,16548.69479290596
tr|Q8DWE4|Q8DWE4_STRMU,51211.742376038725
tr|Q8DWE6|Q8DWE6_STRMU,16736.93153669152
tr|Q8DWE7|Q8DWE7_STRMU,48870.60960424057
tr|Q8DWE9|Q8DWE9_STRMU,28369.2018117385
tr|Q8DWF0|Q8DWF0_STRMU,33658.34277956233
tr|Q8DWF1|Q8DWF1_STRMU,4974.43477343712
tr|Q8DWF2|Q8DWF2_STRMU,6815.28062808604
tr|Q8DWF3|Q8DWF3_STRMU,8760.35035014936
tr|Q8DWF4|Q8DWF4_STRMU,37561.70836393694
tr|Q8DWF5|Q8DWF5_STRMU,85657.80316834367
tr|Q8DWF6|Q8DWF6_STRMU,15793.87201342974
tr|Q8DWF7|Q8DWF7_STRMU,30252.216357515
tr|Q8DWF8|Q8DWF8_STRMU,28231.473534592005
tr|Q8DWF9|Q8DWF9_STRMU,18555.977026317218
tr|Q8DWG3|Q8DWG3_STRMU,6612.445623934689
tr|Q8DWG4|Q8DWG4_STRMU,4213.97738678492
tr|Q8DWG5|Q8DWG5_STRMU,5128.67363869322
tr|Q8DWG6|Q8DWG6_STRMU,30202.67223190495
tr|Q8DWG7|Q8DWG7_STRMU,31720.30290846251
sp|Q8DWG8|Y087_STRMU,20344.00261083029
tr|Q8DWG9|Q8DWG9_STRMU,16590.73797381542
tr|Q8DWH3|Q8DWH3_STRMU,58518.406321771145
tr|Q8DWH4|Q8DWH4_STRMU,21869.510819313822
tr|Q8DWH5|Q8DWH5_STRMU,27828.238134666863
tr|Q8DWH6|Q8DWH6_STRMU,26509.102733685
sp|Q8DWH7|Y073_STRMU,46362.31030126822
tr|Q8DWI0|Q8DWI0_STRMU,2763.38429231194
tr|Q8DWI1|Q8DWI1_STRMU,67466.39438681216
tr|Q8DWI2|Q8DWI2_STRMU,14238.46133649775
tr|Q8DWI5|Q8DWI5_STRMU,63925.63035083574
tr|Q8DWI6|Q8DWI6_STRMU,35225.366098062594
tr|Q8DWI7|Q8DWI7_STRMU,26985.729092218957
tr|Q8DWI8|Q8DWI8_STRMU,51755.18881190865
tr|Q8DWI9|Q8DWI9_STRMU,4703.52481503453
tr|Q8DWJ0|Q8DWJ0_STRMU,10190.71494751358
tr|Q8DWJ1|Q8DWJ1_STRMU,25327.212354516858
tr|Q8DWJ2|Q8DWJ2_STRMU,8038.132912253539
tr|Q8DWJ3|Q8DWJ3_STRMU,26643.83174037994
tr|Q8DWJ6|Q8DWJ6_STRMU,43917.20063349034
tr|Q8DWJ8|Q8DWJ8_STRMU,23778.24665936342
tr|Q8DWJ9|Q8DWJ9_STRMU,24499.325394560947
tr|Q8DWK0|Q8DWK0_STRMU,61481.447014396894
tr|Q8DWK1|Q8DWK1_STRMU,22700.641509343448
tr|Q8DWK3|Q8DWK3_STRMU,35308.03618450642
tr|Q8DWK4|Q8DWK4_STRMU,3955.3298401310103
tr|Q8DWK5|Q8DWK5_STRMU,6193.335008662939
tr|Q8DWK6|Q8DWK6_STRMU,19650.461312368123
tr|Q8DWK7|Q8DWK7_STRMU,21564.02397847629
tr|Q8DWK9|Q8DWK9_STRMU,26496.23619213223
tr|Q8DWL2|Q8DWL2_STRMU,10233.808152412601
tr|Q8DWL4|Q8DWL4_STRMU,24511.86394552651
tr|Q8DWL5|Q8DWL5_STRMU,135073.50518614368
tr|Q8DWL7|Q8DWL7_STRMU,21375.064599611916
tr|Q8DWM5|Q8DWM5_STRMU,5190.85596015964
tr|Q8DWM6|Q8DWM6_STRMU,51221.816648288055
tr|Q8DWN1|Q8DWN1_STRMU,4666.50039119184
tr|Q8DWN2|Q8DWN2_STRMU,14825.904024895299
tr|Q8DWN3|Q8DWN3_STRMU,10348.72847517475
tr|Q8DWN7|Q8DWN7_STRMU,7258.75331630355
sp|Q93D98|Y1935_STRMU,19223.63709334093
